Description, Price, Rating, Review Count, URL
"ZEBRONICS EA124 LED Monitor with FHD 1920x1080,75Hz Refresh Rate, 16.7M Colors, 16:9 Aspect Ratio, 250 nits Brightness (max), Ultra Slim Bezel, Built-in Speakers, Metal stand, Dual Input","₹6,699",3.8 out of 5 stars,"1,680",https://www.amazon.in/ZEBRONICS-Monitor-1920x1080-Display-Refresh/dp/B0CH81K8XT/ref=sr_1_17?dib=eyJ2IjoiMSJ9.ipIgLUZN9JNU2L4igXPmlYo3xI3A7xxt_mMkgJ11NT5fuPeWQOW7vBUdv7b9A97Td7LvqI85t-MD_uXMaYpC0AE57-lNXcPtxYMJ6uDD6n2IqpCMV382ixnL3pR1Lf6QXg8WYzyPz2aot2nGcEjnHIzWLTthiQp8LvJJ-CxRN6v2VwFozZkPTzh7UeuMaYxBPaVkfPfQFg1xYWk6WNrstGzy1U6ZLAKh7kjZ2yS7TyA.9BWNDTgPdQ05xqZ-WOphfF8T2A1pXeEwWvg5pDCYN6o&dib_tag=se&keywords=monitors&qid=1715684592&sr=8-17
"FRONTECH 22 Inch HD LED Monitor | Refresh Rate 60 Hz, 1680 X 1050 Pixels | Wall Mountable Slim & Stylish Design with 16.7M Colors| HDMI & VGA Ports, Built-in Power Supply (MON-0060,Black)","₹3,839",3.4 out of 5 stars,"1,324",https://www.amazon.in/FRONTECH-LED-Monitor-Resolution-Interface/dp/B0CBTQZ63V/ref=sr_1_18?dib=eyJ2IjoiMSJ9.ipIgLUZN9JNU2L4igXPmlYo3xI3A7xxt_mMkgJ11NT5fuPeWQOW7vBUdv7b9A97Td7LvqI85t-MD_uXMaYpC0AE57-lNXcPtxYMJ6uDD6n2IqpCMV382ixnL3pR1Lf6QXg8WYzyPz2aot2nGcEjnHIzWLTthiQp8LvJJ-CxRN6v2VwFozZkPTzh7UeuMaYxBPaVkfPfQFg1xYWk6WNrstGzy1U6ZLAKh7kjZ2yS7TyA.9BWNDTgPdQ05xqZ-WOphfF8T2A1pXeEwWvg5pDCYN6o&dib_tag=se&keywords=monitors&qid=1715684592&sr=8-18
"LG Electronics 60 cm/24 inches Full HD IPS 1920 x 1080 Pixels LCD Monitor, Inbuilt Speaker, HDMI x 2, VGA Port, 75 Hz Refresh Rate, AMD Freesync, 3 Side Borderless Slim Design - 24ML600S-W (White)","₹8,999",4.4 out of 5 stars,"3,462",https://www.amazon.in/LG-24-inch-Monitor-Freesync-Borderless/dp/B08J5Y9ZSV/ref=sr_1_19?dib=eyJ2IjoiMSJ9.ipIgLUZN9JNU2L4igXPmlYo3xI3A7xxt_mMkgJ11NT5fuPeWQOW7vBUdv7b9A97Td7LvqI85t-MD_uXMaYpC0AE57-lNXcPtxYMJ6uDD6n2IqpCMV382ixnL3pR1Lf6QXg8WYzyPz2aot2nGcEjnHIzWLTthiQp8LvJJ-CxRN6v2VwFozZkPTzh7UeuMaYxBPaVkfPfQFg1xYWk6WNrstGzy1U6ZLAKh7kjZ2yS7TyA.9BWNDTgPdQ05xqZ-WOphfF8T2A1pXeEwWvg5pDCYN6o&dib_tag=se&keywords=monitors&qid=1715684592&sr=8-19
"LG 27 Inch (68.6cm) IPS FHD Monitor 1920 x 1080,AMD FreeSync, 100Hz, sRGB 99% Typ(CIE1931),Black Stabilizer, Virtual Borderless, Flicker Safe, Reader Mode,OnScreen Control, HDMI,VGA, 27MR400(Black)","₹10,999",4.4 out of 5 stars,"9,045",https://www.amazon.in/LG-FreeSync-Stabilizer-Borderless-OnScreen/dp/B0CPPVC42C/ref=sr_1_20?dib=eyJ2IjoiMSJ9.ipIgLUZN9JNU2L4igXPmlYo3xI3A7xxt_mMkgJ11NT5fuPeWQOW7vBUdv7b9A97Td7LvqI85t-MD_uXMaYpC0AE57-lNXcPtxYMJ6uDD6n2IqpCMV382ixnL3pR1Lf6QXg8WYzyPz2aot2nGcEjnHIzWLTthiQp8LvJJ-CxRN6v2VwFozZkPTzh7UeuMaYxBPaVkfPfQFg1xYWk6WNrstGzy1U6ZLAKh7kjZ2yS7TyA.9BWNDTgPdQ05xqZ-WOphfF8T2A1pXeEwWvg5pDCYN6o&dib_tag=se&keywords=monitors&qid=1715684592&sr=8-20
"Samsung 27-inch(68.60cm) FHD 1,920 x 1,080 Monitor, IPS, 75 Hz, Bezel Less Design, AMD FreeSync, Flicker Free, HDMI, D-sub, (LS27C310EAWXXL, Black)","₹11,299",4.3 out of 5 stars,"4,825",https://www.amazon.in/Samsung-27-inch-68-60cm-FreeSync-LS27C310EAWXXL/dp/B0BZDBST9F/ref=sr_1_21?dib=eyJ2IjoiMSJ9.ipIgLUZN9JNU2L4igXPmlYo3xI3A7xxt_mMkgJ11NT5fuPeWQOW7vBUdv7b9A97Td7LvqI85t-MD_uXMaYpC0AE57-lNXcPtxYMJ6uDD6n2IqpCMV382ixnL3pR1Lf6QXg8WYzyPz2aot2nGcEjnHIzWLTthiQp8LvJJ-CxRN6v2VwFozZkPTzh7UeuMaYxBPaVkfPfQFg1xYWk6WNrstGzy1U6ZLAKh7kjZ2yS7TyA.9BWNDTgPdQ05xqZ-WOphfF8T2A1pXeEwWvg5pDCYN6o&dib_tag=se&keywords=monitors&qid=1715684592&sr=8-21
"Lenovo L-Series 54.48 cm (21.45 inch) FHD Ultraslim Monitor |16.7 Mn Colors, 75Hz, 4ms, AMD FreeSync, HDMI, TUV Eye Comfort & Low Blue Light, Smart Display Customization Artery L22e-40","₹6,899",4.4 out of 5 stars,589,https://www.amazon.in/Lenovo-Ultraslim-Monitor-FreeSync-Customization/dp/B0C2VPX93F/ref=sr_1_22?dib=eyJ2IjoiMSJ9.ipIgLUZN9JNU2L4igXPmlYo3xI3A7xxt_mMkgJ11NT5fuPeWQOW7vBUdv7b9A97Td7LvqI85t-MD_uXMaYpC0AE57-lNXcPtxYMJ6uDD6n2IqpCMV382ixnL3pR1Lf6QXg8WYzyPz2aot2nGcEjnHIzWLTthiQp8LvJJ-CxRN6v2VwFozZkPTzh7UeuMaYxBPaVkfPfQFg1xYWk6WNrstGzy1U6ZLAKh7kjZ2yS7TyA.9BWNDTgPdQ05xqZ-WOphfF8T2A1pXeEwWvg5pDCYN6o&dib_tag=se&keywords=monitors&qid=1715684592&sr=8-22
"Samsung 27-Inch (68.4 cm) FHD, 1800R Curved 1,920 X 1,080 LED Monitor, VA Panel, Slim Design, AMD Freesync, Flicker Free, HDMI, Audio Port (LC27R500FHWXXL, Dark Blue Gray)","₹11,099",4.3 out of 5 stars,193,https://www.amazon.in/Samsung-3-Sided-Bezel-Less-Monitor-LC27R500FHWXXL/dp/B09C2JSMFB/ref=sr_1_23?dib=eyJ2IjoiMSJ9.ipIgLUZN9JNU2L4igXPmlYo3xI3A7xxt_mMkgJ11NT5fuPeWQOW7vBUdv7b9A97Td7LvqI85t-MD_uXMaYpC0AE57-lNXcPtxYMJ6uDD6n2IqpCMV382ixnL3pR1Lf6QXg8WYzyPz2aot2nGcEjnHIzWLTthiQp8LvJJ-CxRN6v2VwFozZkPTzh7UeuMaYxBPaVkfPfQFg1xYWk6WNrstGzy1U6ZLAKh7kjZ2yS7TyA.9BWNDTgPdQ05xqZ-WOphfF8T2A1pXeEwWvg5pDCYN6o&dib_tag=se&keywords=monitors&qid=1715684592&sr=8-23
"Dell P2722H 27 Inch, FHD Monitor 1920x1080 Pixels, IPS Panel, 3-Year Warranty, Low BlueLight Technology, 3-Sided bezelless, HDMI, VGA, DP & USB Ports, Pivot(Rotation), Swivel, Tilt & HAS, AMD FreeSync","₹14,299",4.3 out of 5 stars,"1,233",https://www.amazon.in/Dell-Professional-inch-Full-Monitor/dp/B096W49KBL/ref=sr_1_24?dib=eyJ2IjoiMSJ9.ipIgLUZN9JNU2L4igXPmlYo3xI3A7xxt_mMkgJ11NT5fuPeWQOW7vBUdv7b9A97Td7LvqI85t-MD_uXMaYpC0AE57-lNXcPtxYMJ6uDD6n2IqpCMV382ixnL3pR1Lf6QXg8WYzyPz2aot2nGcEjnHIzWLTthiQp8LvJJ-CxRN6v2VwFozZkPTzh7UeuMaYxBPaVkfPfQFg1xYWk6WNrstGzy1U6ZLAKh7kjZ2yS7TyA.9BWNDTgPdQ05xqZ-WOphfF8T2A1pXeEwWvg5pDCYN6o&dib_tag=se&keywords=monitors&qid=1715684592&sr=8-24
"Dell S2721HNM 27"" (68.96 cm) FHD Monitor 1920 X 1080 Pixels @75Hz, IPS Panel, 5-Year Warranty, 99% sRGB, Low Blue Light Technology, 3-Sided bezelless, HDMI x2, Tilt Adjustment, AMD FreeSync","₹12,499",4.3 out of 5 stars,"1,233",https://www.amazon.in/Dell-S2721HNM-Monitor-Minimalistic-Design-Brightness/dp/B09XR7CGY1/ref=sr_1_25?dib=eyJ2IjoiMSJ9.ipIgLUZN9JNU2L4igXPmlYo3xI3A7xxt_mMkgJ11NT5fuPeWQOW7vBUdv7b9A97Td7LvqI85t-MD_uXMaYpC0AE57-lNXcPtxYMJ6uDD6n2IqpCMV382ixnL3pR1Lf6QXg8WYzyPz2aot2nGcEjnHIzWLTthiQp8LvJJ-CxRN6v2VwFozZkPTzh7UeuMaYxBPaVkfPfQFg1xYWk6WNrstGzy1U6ZLAKh7kjZ2yS7TyA.9BWNDTgPdQ05xqZ-WOphfF8T2A1pXeEwWvg5pDCYN6o&dib_tag=se&keywords=monitors&qid=1715684592&sr=8-25
"Dell P2422H 24 Inch, FHD Monitor 1920x1080 Pixels, IPS Panel, 3-Year Warranty, Low BlueLight Technology, 3-Sided bezelless, HDMI, VGA, DP & USB Ports, Pivot(Rotation), Swivel, Tilt & HAS, AMD FreeSync","₹10,999",4.3 out of 5 stars,"4,917",https://www.amazon.in/Dell-Professional-inch-Full-Monitor/dp/B096T36G8L/ref=sr_1_26?dib=eyJ2IjoiMSJ9.ipIgLUZN9JNU2L4igXPmlYo3xI3A7xxt_mMkgJ11NT5fuPeWQOW7vBUdv7b9A97Td7LvqI85t-MD_uXMaYpC0AE57-lNXcPtxYMJ6uDD6n2IqpCMV382ixnL3pR1Lf6QXg8WYzyPz2aot2nGcEjnHIzWLTthiQp8LvJJ-CxRN6v2VwFozZkPTzh7UeuMaYxBPaVkfPfQFg1xYWk6WNrstGzy1U6ZLAKh7kjZ2yS7TyA.9BWNDTgPdQ05xqZ-WOphfF8T2A1pXeEwWvg5pDCYN6o&dib_tag=se&keywords=monitors&qid=1715684592&sr=8-26
"Dell S2421HNM 23.8"" (60.5cm) FHD Monitor 1920x1080 Pixels @75Hz, IPS Panel, 3-Year Warranty, 99% sRGB, Low Blue Light Technology, Ultra-Thin Bezel, HDMI x2, Tilt Adjustment, AMD FreeSync","₹9,399",4.3 out of 5 stars,"4,917",https://www.amazon.in/Dell-S2421HNM-1920x1080-Ultra-Premium/dp/B08GGF4L1K/ref=sr_1_27?dib=eyJ2IjoiMSJ9.ipIgLUZN9JNU2L4igXPmlYo3xI3A7xxt_mMkgJ11NT5fuPeWQOW7vBUdv7b9A97Td7LvqI85t-MD_uXMaYpC0AE57-lNXcPtxYMJ6uDD6n2IqpCMV382ixnL3pR1Lf6QXg8WYzyPz2aot2nGcEjnHIzWLTthiQp8LvJJ-CxRN6v2VwFozZkPTzh7UeuMaYxBPaVkfPfQFg1xYWk6WNrstGzy1U6ZLAKh7kjZ2yS7TyA.9BWNDTgPdQ05xqZ-WOphfF8T2A1pXeEwWvg5pDCYN6o&dib_tag=se&keywords=monitors&qid=1715684592&sr=8-27
"LG 22"" (55CM) 22MP68VQ Full HD IPS Monitor LCD (1920 X 1080 Pixels), 3 Side Borderless with VGA, HDMI, DVI, Audio Out Ports - 22MP68VQ (Black)","₹7,299",4.4 out of 5 stars,"9,045",https://www.amazon.in/LG-22-inch-IPS-Monitor/dp/B09GWB35XV/ref=sr_1_28?dib=eyJ2IjoiMSJ9.ipIgLUZN9JNU2L4igXPmlYo3xI3A7xxt_mMkgJ11NT5fuPeWQOW7vBUdv7b9A97Td7LvqI85t-MD_uXMaYpC0AE57-lNXcPtxYMJ6uDD6n2IqpCMV382ixnL3pR1Lf6QXg8WYzyPz2aot2nGcEjnHIzWLTthiQp8LvJJ-CxRN6v2VwFozZkPTzh7UeuMaYxBPaVkfPfQFg1xYWk6WNrstGzy1U6ZLAKh7kjZ2yS7TyA.9BWNDTgPdQ05xqZ-WOphfF8T2A1pXeEwWvg5pDCYN6o&dib_tag=se&keywords=monitors&qid=1715684592&sr=8-28
"FRONTECH 17.1 Inch HD LED Monitor | Refresh Rate 60 Hz,1440 x 900 Pixels | Wall Mountable Slim & Stylish Design with 16.7M Colors| HDMI & VGA Ports, Built-in Power Supply (MON-0066,Black)","₹2,699",3.4 out of 5 stars,"1,324",https://www.amazon.in/FRONTECH-17-1-Monitor-Mountable-MON-0066/dp/B0CGVNS439/ref=sr_1_29?dib=eyJ2IjoiMSJ9.ipIgLUZN9JNU2L4igXPmlYo3xI3A7xxt_mMkgJ11NT5fuPeWQOW7vBUdv7b9A97Td7LvqI85t-MD_uXMaYpC0AE57-lNXcPtxYMJ6uDD6n2IqpCMV382ixnL3pR1Lf6QXg8WYzyPz2aot2nGcEjnHIzWLTthiQp8LvJJ-CxRN6v2VwFozZkPTzh7UeuMaYxBPaVkfPfQFg1xYWk6WNrstGzy1U6ZLAKh7kjZ2yS7TyA.9BWNDTgPdQ05xqZ-WOphfF8T2A1pXeEwWvg5pDCYN6o&dib_tag=se&keywords=monitors&qid=1715684592&sr=8-29
"LG Ultragear IPS Gaming Monitor 60 cm (24 Inches), FHD 1920 x 1080, 1ms, 144Hz, AMD FreeSync Compatible, HDR 10, sRGB 99% (Typ.), DP, HDMI, Height, Tilt & Pivot Adjust Stand, 24GN65R (Black)","₹13,900",4.5 out of 5 stars,383,https://www.amazon.in/LG-Ultragear-Monitor-FreeSync-Compatible-24GN65R/dp/B0C5MPH9G7/ref=sr_1_30?dib=eyJ2IjoiMSJ9.ipIgLUZN9JNU2L4igXPmlYo3xI3A7xxt_mMkgJ11NT5fuPeWQOW7vBUdv7b9A97Td7LvqI85t-MD_uXMaYpC0AE57-lNXcPtxYMJ6uDD6n2IqpCMV382ixnL3pR1Lf6QXg8WYzyPz2aot2nGcEjnHIzWLTthiQp8LvJJ-CxRN6v2VwFozZkPTzh7UeuMaYxBPaVkfPfQFg1xYWk6WNrstGzy1U6ZLAKh7kjZ2yS7TyA.9BWNDTgPdQ05xqZ-WOphfF8T2A1pXeEwWvg5pDCYN6o&dib_tag=se&keywords=monitors&qid=1715684592&sr=8-30
"HP M27f 27-inches 68.6cm 1920 x 1080 Pixels Eye-Safe Certified Full HD IPS 3-Sided Micro-Edge Monitor, 75Hz, AMD Free Sync with 1xVGA, 2xHDMI 1.4 Ports, 300 nits 2H0N1AA, M27f FHD Monitor Silver","₹12,999",4.3 out of 5 stars,"3,535",https://www.amazon.in/HP-M27f-Micro-Edge-Monitor-FHD/dp/B095362K3K/ref=sr_1_31?dib=eyJ2IjoiMSJ9.ipIgLUZN9JNU2L4igXPmlYo3xI3A7xxt_mMkgJ11NT5fuPeWQOW7vBUdv7b9A97Td7LvqI85t-MD_uXMaYpC0AE57-lNXcPtxYMJ6uDD6n2IqpCMV382ixnL3pR1Lf6QXg8WYzyPz2aot2nGcEjnHIzWLTthiQp8LvJJ-CxRN6v2VwFozZkPTzh7UeuMaYxBPaVkfPfQFg1xYWk6WNrstGzy1U6ZLAKh7kjZ2yS7TyA.9BWNDTgPdQ05xqZ-WOphfF8T2A1pXeEwWvg5pDCYN6o&dib_tag=se&keywords=monitors&qid=1715684592&sr=8-31
"Lenovo L-Series 22 inch (54.6cm) FHD IPS Ultraslim Monitor| 75Hz, 99% sRGB, 4ms, AMD FreeSync, HDMI 1.4, VGA, 2X3W Speakers,Tilt Stand, for Home & Office use, 3 Year Warranty, Cloud Grey, L22i-40","₹8,999",4.4 out of 5 stars,589,https://www.amazon.in/Lenovo-54-6cm-Ultraslim-Monitor-FreeSync/dp/B0C2VLFJQ2/ref=sr_1_32?dib=eyJ2IjoiMSJ9.ipIgLUZN9JNU2L4igXPmlYo3xI3A7xxt_mMkgJ11NT5fuPeWQOW7vBUdv7b9A97Td7LvqI85t-MD_uXMaYpC0AE57-lNXcPtxYMJ6uDD6n2IqpCMV382ixnL3pR1Lf6QXg8WYzyPz2aot2nGcEjnHIzWLTthiQp8LvJJ-CxRN6v2VwFozZkPTzh7UeuMaYxBPaVkfPfQFg1xYWk6WNrstGzy1U6ZLAKh7kjZ2yS7TyA.9BWNDTgPdQ05xqZ-WOphfF8T2A1pXeEwWvg5pDCYN6o&dib_tag=se&keywords=monitors&qid=1715684592&sr=8-32
"MSI G244F E2 24 Inch FHD Gaming Monitor - 1920 x 1080 Rapid IPS Panel, 180 Hz / 1ms, 118% sRGB Colour Gamut/Adaptive-Sync - DP 1.2a, HDMI2.0b","₹11,480",4.6 out of 5 stars,8,https://www.amazon.in/sspa/click?ie=UTF8&spc=MTo1NjU0MTU5NDI2NTg3MTM0OjE3MTU2ODQ1OTQ6c3BfYXRmX25leHQ6MzAwMTYwMjU4MjA2MTMyOjowOjo&url=%2FMSI-G244F-Inch-Gaming-Monitor%2Fdp%2FB0CPM6MBRN%2Fref%3Dsr_1_33_sspa%3Fdib%3DeyJ2IjoiMSJ9.J2CmkMv3GlZ47W5QBhHvzw1pIjGACCQZ_jRg7PaIwHy6MnQOpUVEQ4VzCraZ8iCK0e_Va2wvfuMg_kUD0ufUlytFmB_wx5bx9MoBnUmsXcg6zI0PLu6H5Yd5vp201jodlePcgtsG6yYYI66ga7YIzkBi0f-4xunRDPPqu9j8R3axfgkK4NQwZ-xxtQmC9NivGwExQXtmErZEFVKqnrHKxsCH2uDn_WG77sXe31FkXEg.8EsSfsSdd8PP_4b47JGzh8t8K7NVwPr_mTWBrW271LU%26dib_tag%3Dse%26keywords%3Dmonitors%26qid%3D1715684594%26sr%3D8-33-spons%26sp_csd%3Dd2lkZ2V0TmFtZT1zcF9hdGZfbmV4dA%26psc%3D1
"MSI Pro MP223 21.45 Inch Full HD Office LCD Monitor - 1920 X 1080, 100 Hz, Eye-Friendly Screen, Vesa Mountable, Display Kit Support, Tilt-Adjustable - Hdmi 1.4B, D-Sub (Vga)","₹5,699",4.3 out of 5 stars,"1,211",https://www.amazon.in/sspa/click?ie=UTF8&spc=MTo1NjU0MTU5NDI2NTg3MTM0OjE3MTU2ODQ1OTQ6c3BfYXRmX25leHQ6MzAwMTcwNzY4NDk2MTMyOjowOjo&url=%2FMSI-Mp223-21-45-Office-Monitor%2Fdp%2FB0CD31LQXX%2Fref%3Dsr_1_34_sspa%3Fdib%3DeyJ2IjoiMSJ9.J2CmkMv3GlZ47W5QBhHvzw1pIjGACCQZ_jRg7PaIwHy6MnQOpUVEQ4VzCraZ8iCK0e_Va2wvfuMg_kUD0ufUlytFmB_wx5bx9MoBnUmsXcg6zI0PLu6H5Yd5vp201jodlePcgtsG6yYYI66ga7YIzkBi0f-4xunRDPPqu9j8R3axfgkK4NQwZ-xxtQmC9NivGwExQXtmErZEFVKqnrHKxsCH2uDn_WG77sXe31FkXEg.8EsSfsSdd8PP_4b47JGzh8t8K7NVwPr_mTWBrW271LU%26dib_tag%3Dse%26keywords%3Dmonitors%26qid%3D1715684594%26sr%3D8-34-spons%26sp_csd%3Dd2lkZ2V0TmFtZT1zcF9hdGZfbmV4dA%26psc%3D1
"LG 27SR50F MyView Smart Monitor (27"", 68.6cm), FHD IPS Display (1920 x 1080) with webOS, Work & Play Smarter, ThinQ Home Dashboard, AirPlay 2 + Screen Share + Bluetooth, Stylish Design - White","₹16,990",4.4 out of 5 stars,"3,462",https://www.amazon.in/LG-27SR50F-Monitor-Dashboard-Bluetooth/dp/B0CXXKW2B8/ref=sr_1_35?dib=eyJ2IjoiMSJ9.J2CmkMv3GlZ47W5QBhHvzw1pIjGACCQZ_jRg7PaIwHy6MnQOpUVEQ4VzCraZ8iCK0e_Va2wvfuMg_kUD0ufUlytFmB_wx5bx9MoBnUmsXcg6zI0PLu6H5Yd5vp201jodlePcgtsG6yYYI66ga7YIzkBi0f-4xunRDPPqu9j8R3axfgkK4NQwZ-xxtQmC9NivGwExQXtmErZEFVKqnrHKxsCH2uDn_WG77sXe31FkXEg.8EsSfsSdd8PP_4b47JGzh8t8K7NVwPr_mTWBrW271LU&dib_tag=se&keywords=monitors&qid=1715684594&sr=8-35
"BenQ GW2480T 24 inch (60cm) 1920 X 1080 Pixels IPS Full HD Ultra-Slim Bezel Monitor- Height Adjustment, Eye Care, Anti-Glare, Brightness Intelligence, Speakers, Color Weakness Mode, HDMI, DP (Black)","₹10,990",4.4 out of 5 stars,"21,402",https://www.amazon.in/BenQ-Ultra-Slim-Adjustment-Anti-Glare-Intelligence/dp/B07SPGQLD6/ref=sr_1_36?dib=eyJ2IjoiMSJ9.J2CmkMv3GlZ47W5QBhHvzw1pIjGACCQZ_jRg7PaIwHy6MnQOpUVEQ4VzCraZ8iCK0e_Va2wvfuMg_kUD0ufUlytFmB_wx5bx9MoBnUmsXcg6zI0PLu6H5Yd5vp201jodlePcgtsG6yYYI66ga7YIzkBi0f-4xunRDPPqu9j8R3axfgkK4NQwZ-xxtQmC9NivGwExQXtmErZEFVKqnrHKxsCH2uDn_WG77sXe31FkXEg.8EsSfsSdd8PP_4b47JGzh8t8K7NVwPr_mTWBrW271LU&dib_tag=se&keywords=monitors&qid=1715684594&sr=8-36
"BenQ GW2780T 27 inch (68cm) 1920 X 1080 Pixels IPS Full HD Ultra-Slim Bezel Monitor- Height Adjustment, Eye Care, Anti-Glare, Brightness Intelligence, Speakers, Color Weakness Mode, HDMI, DP (Black)","₹14,490",4.4 out of 5 stars,"21,402",https://www.amazon.in/BenQ-GW2780T-Adjustment-Intelligence-Flicker-Free/dp/B08D11X17Q/ref=sr_1_37?dib=eyJ2IjoiMSJ9.J2CmkMv3GlZ47W5QBhHvzw1pIjGACCQZ_jRg7PaIwHy6MnQOpUVEQ4VzCraZ8iCK0e_Va2wvfuMg_kUD0ufUlytFmB_wx5bx9MoBnUmsXcg6zI0PLu6H5Yd5vp201jodlePcgtsG6yYYI66ga7YIzkBi0f-4xunRDPPqu9j8R3axfgkK4NQwZ-xxtQmC9NivGwExQXtmErZEFVKqnrHKxsCH2uDn_WG77sXe31FkXEg.8EsSfsSdd8PP_4b47JGzh8t8K7NVwPr_mTWBrW271LU&dib_tag=se&keywords=monitors&qid=1715684594&sr=8-37
TECNICO PC Monitor (49.53 cm/19.5 Inch) | Display Output-VGA & HDMI | LED Display | Resolution 1600 x 900 | Power Consumption 21W(Max) | 3 Years Warranty Free USB HUB 4 Port,"₹2,970",,M.R.P: ,https://www.amazon.in/TECNICO-Output-VGA-Resolution-Consumption-Warranty/dp/B0D1P9TLB1/ref=sr_1_38?dib=eyJ2IjoiMSJ9.J2CmkMv3GlZ47W5QBhHvzw1pIjGACCQZ_jRg7PaIwHy6MnQOpUVEQ4VzCraZ8iCK0e_Va2wvfuMg_kUD0ufUlytFmB_wx5bx9MoBnUmsXcg6zI0PLu6H5Yd5vp201jodlePcgtsG6yYYI66ga7YIzkBi0f-4xunRDPPqu9j8R3axfgkK4NQwZ-xxtQmC9NivGwExQXtmErZEFVKqnrHKxsCH2uDn_WG77sXe31FkXEg.8EsSfsSdd8PP_4b47JGzh8t8K7NVwPr_mTWBrW271LU&dib_tag=se&keywords=monitors&qid=1715684594&sr=8-38
"LG Electronics 29"" (73Cm) Ultrawide 21:9 Wfhd LCD 2560 X 1080 Pixels IPS Display Monitor- HDR 10, AMD Freesync, Srgb 99%, Slim Bezel, Multitasking Monitor, Hdmi X 2, 29Wl500 (Black)","₹15,899",4.3 out of 5 stars,"1,734",https://www.amazon.in/LG-UltraWide-Inch-WFHD-Display/dp/B08J61FFT4/ref=sr_1_39?dib=eyJ2IjoiMSJ9.J2CmkMv3GlZ47W5QBhHvzw1pIjGACCQZ_jRg7PaIwHy6MnQOpUVEQ4VzCraZ8iCK0e_Va2wvfuMg_kUD0ufUlytFmB_wx5bx9MoBnUmsXcg6zI0PLu6H5Yd5vp201jodlePcgtsG6yYYI66ga7YIzkBi0f-4xunRDPPqu9j8R3axfgkK4NQwZ-xxtQmC9NivGwExQXtmErZEFVKqnrHKxsCH2uDn_WG77sXe31FkXEg.8EsSfsSdd8PP_4b47JGzh8t8K7NVwPr_mTWBrW271LU&dib_tag=se&keywords=monitors&qid=1715684594&sr=8-39
"LG Electronics 27Ml600 Full Hd 27 Inch(69 Cm) LCD 1920 X 1080 Pixels IPS Monitor 3 Side Borderless Design with Inbuilt Speaker,Dual Hdmi&Vga Port-Reader Mode&Flicker Free Screen(Work&Education,White)","₹12,299",4.4 out of 5 stars,"3,462",https://www.amazon.in/LG-Full-Monitor-Borderless-Design/dp/B08CF2VYB6/ref=sr_1_40?dib=eyJ2IjoiMSJ9.J2CmkMv3GlZ47W5QBhHvzw1pIjGACCQZ_jRg7PaIwHy6MnQOpUVEQ4VzCraZ8iCK0e_Va2wvfuMg_kUD0ufUlytFmB_wx5bx9MoBnUmsXcg6zI0PLu6H5Yd5vp201jodlePcgtsG6yYYI66ga7YIzkBi0f-4xunRDPPqu9j8R3axfgkK4NQwZ-xxtQmC9NivGwExQXtmErZEFVKqnrHKxsCH2uDn_WG77sXe31FkXEg.8EsSfsSdd8PP_4b47JGzh8t8K7NVwPr_mTWBrW271LU&dib_tag=se&keywords=monitors&qid=1715684594&sr=8-40
"BenQ GW2480 24 inch (60 cm) 1920 x 1080 Pixels IPS Full HD Ultra-Slim Bezel Monitor- Eye Care, Anti-Glare, Brightness Intelligence, Low Blue Light, HDMI, DP, Speakers, VESA Wall Mountable (Black)","₹8,250",4.4 out of 5 stars,"21,402",https://www.amazon.in/BenQ-GW2480-Ultra-Slim-Anti-Glare-Intelligence/dp/B073NTCT4Q/ref=sr_1_41?dib=eyJ2IjoiMSJ9.J2CmkMv3GlZ47W5QBhHvzw1pIjGACCQZ_jRg7PaIwHy6MnQOpUVEQ4VzCraZ8iCK0e_Va2wvfuMg_kUD0ufUlytFmB_wx5bx9MoBnUmsXcg6zI0PLu6H5Yd5vp201jodlePcgtsG6yYYI66ga7YIzkBi0f-4xunRDPPqu9j8R3axfgkK4NQwZ-xxtQmC9NivGwExQXtmErZEFVKqnrHKxsCH2uDn_WG77sXe31FkXEg.8EsSfsSdd8PP_4b47JGzh8t8K7NVwPr_mTWBrW271LU&dib_tag=se&keywords=monitors&qid=1715684594&sr=8-41
"LG QHD IPS Ultragear Gaming Monitor 68 CM (27 Inches), QHD, 2560 x 1440, 1 MS, 144Hz, HDR 10, sRGB 99% (CIE1931), G-Sync Compatible, Freesync Premium, HDMI X 2, DP, HP Out 27GN800 (Black)","₹22,899",4.5 out of 5 stars,"9,307",https://www.amazon.in/LG-Ultragear-10-27Gn800-Resolution-Compatible/dp/B09T34GSX7/ref=sr_1_42?dib=eyJ2IjoiMSJ9.J2CmkMv3GlZ47W5QBhHvzw1pIjGACCQZ_jRg7PaIwHy6MnQOpUVEQ4VzCraZ8iCK0e_Va2wvfuMg_kUD0ufUlytFmB_wx5bx9MoBnUmsXcg6zI0PLu6H5Yd5vp201jodlePcgtsG6yYYI66ga7YIzkBi0f-4xunRDPPqu9j8R3axfgkK4NQwZ-xxtQmC9NivGwExQXtmErZEFVKqnrHKxsCH2uDn_WG77sXe31FkXEg.8EsSfsSdd8PP_4b47JGzh8t8K7NVwPr_mTWBrW271LU&dib_tag=se&keywords=monitors&qid=1715684594&sr=8-42
"MSI G24C4 E2 24 Inch Fhd Curved Gaming Monitor - 1500R 1920 X 1080 Va Panel, 180Hz / 1Ms, Black","₹11,999",4.5 out of 5 stars,237,https://www.amazon.in/sspa/click?ie=UTF8&spc=MTo1NjU0MTU5NDI2NTg3MTM0OjE3MTU2ODQ1OTQ6c3BfbXRmOjMwMDA1MDIxOTgxMTIzMjo6MDo6&url=%2FMSI-G24C4-E2-Curved-Monitor%2Fdp%2FB0CGHNCKD2%2Fref%3Dsr_1_43_sspa%3Fdib%3DeyJ2IjoiMSJ9.J2CmkMv3GlZ47W5QBhHvzw1pIjGACCQZ_jRg7PaIwHy6MnQOpUVEQ4VzCraZ8iCK0e_Va2wvfuMg_kUD0ufUlytFmB_wx5bx9MoBnUmsXcg6zI0PLu6H5Yd5vp201jodlePcgtsG6yYYI66ga7YIzkBi0f-4xunRDPPqu9j8R3axfgkK4NQwZ-xxtQmC9NivGwExQXtmErZEFVKqnrHKxsCH2uDn_WG77sXe31FkXEg.8EsSfsSdd8PP_4b47JGzh8t8K7NVwPr_mTWBrW271LU%26dib_tag%3Dse%26keywords%3Dmonitors%26qid%3D1715684594%26sr%3D8-43-spons%26sp_csd%3Dd2lkZ2V0TmFtZT1zcF9tdGY%26psc%3D1
"FRONTECH 20 Inch HD LED Monitor | Refresh Rate 60 Hz, 1600 x 900 Pixels | Wall Mountable Slim & Stylish Design with 16.7M Colors | HDMI & VGA Ports, Built-in Power Supply (MON-0054,Black)","₹3,154",3.4 out of 5 stars,"1,324",https://www.amazon.in/sspa/click?ie=UTF8&spc=MTo1NjU0MTU5NDI2NTg3MTM0OjE3MTU2ODQ1OTQ6c3BfbXRmOjMwMDA1MzUyNzQ4ODUzMjo6MDo6&url=%2FFRONTECH-Monitor-Refresh-Mountable-MON-0054%2Fdp%2FB0C5RWGPF7%2Fref%3Dsr_1_44_sspa%3Fdib%3DeyJ2IjoiMSJ9.J2CmkMv3GlZ47W5QBhHvzw1pIjGACCQZ_jRg7PaIwHy6MnQOpUVEQ4VzCraZ8iCK0e_Va2wvfuMg_kUD0ufUlytFmB_wx5bx9MoBnUmsXcg6zI0PLu6H5Yd5vp201jodlePcgtsG6yYYI66ga7YIzkBi0f-4xunRDPPqu9j8R3axfgkK4NQwZ-xxtQmC9NivGwExQXtmErZEFVKqnrHKxsCH2uDn_WG77sXe31FkXEg.8EsSfsSdd8PP_4b47JGzh8t8K7NVwPr_mTWBrW271LU%26dib_tag%3Dse%26keywords%3Dmonitors%26qid%3D1715684594%26sr%3D8-44-spons%26sp_csd%3Dd2lkZ2V0TmFtZT1zcF9tdGY%26psc%3D1
Acer SA222Q 21.5 Inch Full HD IPS Ultra Slim (7.2mm Thick) Backlight LED LCD Monitor I Zero Frame I 100Hz Refresh I 1 MS VRB I AMD Free Sync I 1xHDMI 1xVGA I Eye Care Features I Tilt Option I White,"₹7,499",4.3 out of 5 stars,"3,381",https://www.amazon.in/Acer-Backlight-Monitor-Refresh-Features/dp/B0CCSK23DM/ref=sr_1_45?dib=eyJ2IjoiMSJ9.J2CmkMv3GlZ47W5QBhHvzw1pIjGACCQZ_jRg7PaIwHy6MnQOpUVEQ4VzCraZ8iCK0e_Va2wvfuMg_kUD0ufUlytFmB_wx5bx9MoBnUmsXcg6zI0PLu6H5Yd5vp201jodlePcgtsG6yYYI66ga7YIzkBi0f-4xunRDPPqu9j8R3axfgkK4NQwZ-xxtQmC9NivGwExQXtmErZEFVKqnrHKxsCH2uDn_WG77sXe31FkXEg.8EsSfsSdd8PP_4b47JGzh8t8K7NVwPr_mTWBrW271LU&dib_tag=se&keywords=monitors&qid=1715684594&sr=8-45
"LG Ultragear Gaming 27 Inch (68.4 Cm) Full HD (1920 x 1080) Pixels LCD Monitor 165Hz, 1ms, Freesync Premium, HDMI x 2, Display Port, HP Out - 27GQ50F (Black)","₹13,999",4.5 out of 5 stars,"9,307",https://www.amazon.in/LG-Ultragear-Freesync-Premium-Display/dp/B0B5V5VHB6/ref=sr_1_46?dib=eyJ2IjoiMSJ9.J2CmkMv3GlZ47W5QBhHvzw1pIjGACCQZ_jRg7PaIwHy6MnQOpUVEQ4VzCraZ8iCK0e_Va2wvfuMg_kUD0ufUlytFmB_wx5bx9MoBnUmsXcg6zI0PLu6H5Yd5vp201jodlePcgtsG6yYYI66ga7YIzkBi0f-4xunRDPPqu9j8R3axfgkK4NQwZ-xxtQmC9NivGwExQXtmErZEFVKqnrHKxsCH2uDn_WG77sXe31FkXEg.8EsSfsSdd8PP_4b47JGzh8t8K7NVwPr_mTWBrW271LU&dib_tag=se&keywords=monitors&qid=1715684594&sr=8-46
GEONIX PC Monitor (49.53 cm/19.5 Inch) | Display Output-VGA & HDMI | LED Display | Resolution 1600 x 900 | Power Consumption 21W(Max) | 3 Years Warranty,"₹2,899",3.3 out of 5 stars,100,https://www.amazon.in/Monitor-Display-1600X900-Resolution-Consumption/dp/B0BGXM2PHJ/ref=sr_1_47?dib=eyJ2IjoiMSJ9.J2CmkMv3GlZ47W5QBhHvzw1pIjGACCQZ_jRg7PaIwHy6MnQOpUVEQ4VzCraZ8iCK0e_Va2wvfuMg_kUD0ufUlytFmB_wx5bx9MoBnUmsXcg6zI0PLu6H5Yd5vp201jodlePcgtsG6yYYI66ga7YIzkBi0f-4xunRDPPqu9j8R3axfgkK4NQwZ-xxtQmC9NivGwExQXtmErZEFVKqnrHKxsCH2uDn_WG77sXe31FkXEg.8EsSfsSdd8PP_4b47JGzh8t8K7NVwPr_mTWBrW271LU&dib_tag=se&keywords=monitors&qid=1715684594&sr=8-47
"LG Electronics 24 inch (60 cm) QHD (2K) 2560 x 1440 Pixels, IPS-sRGB 99%, Height Adjust, Pivot (2Way), Swivel, Display Port, HDMIx 2, 3 Side Slim Border, Black Color - 24QP550","₹14,999",4.5 out of 5 stars,328,https://www.amazon.in/LG-IPS-sRGB-Height-Adjust-Display/dp/B0BRQT57RC/ref=sr_1_48?dib=eyJ2IjoiMSJ9.J2CmkMv3GlZ47W5QBhHvzw1pIjGACCQZ_jRg7PaIwHy6MnQOpUVEQ4VzCraZ8iCK0e_Va2wvfuMg_kUD0ufUlytFmB_wx5bx9MoBnUmsXcg6zI0PLu6H5Yd5vp201jodlePcgtsG6yYYI66ga7YIzkBi0f-4xunRDPPqu9j8R3axfgkK4NQwZ-xxtQmC9NivGwExQXtmErZEFVKqnrHKxsCH2uDn_WG77sXe31FkXEg.8EsSfsSdd8PP_4b47JGzh8t8K7NVwPr_mTWBrW271LU&dib_tag=se&keywords=monitors&qid=1715684594&sr=8-48
"Samsung 24-Inch(59.8cm) FHD, 75 Hz, 1800R Curved 1,920 X 1,080 LED Monitor, VA Panel, Slim Design, AMD Freesync, Game Mode, Flicker Free, HDMI, Audio Port (LS24C366EAWXXL, Black)","₹7,699",4.0 out of 5 stars,1,https://www.amazon.in/Samsung-24-Inch-Monitor-Freesync-LS24C366EAWXXL/dp/B0D1YBCNJ4/ref=sr_1_49?dib=eyJ2IjoiMSJ9.J2CmkMv3GlZ47W5QBhHvzw1pIjGACCQZ_jRg7PaIwHy6MnQOpUVEQ4VzCraZ8iCK0e_Va2wvfuMg_kUD0ufUlytFmB_wx5bx9MoBnUmsXcg6zI0PLu6H5Yd5vp201jodlePcgtsG6yYYI66ga7YIzkBi0f-4xunRDPPqu9j8R3axfgkK4NQwZ-xxtQmC9NivGwExQXtmErZEFVKqnrHKxsCH2uDn_WG77sXe31FkXEg.8EsSfsSdd8PP_4b47JGzh8t8K7NVwPr_mTWBrW271LU&dib_tag=se&keywords=monitors&qid=1715684594&sr=8-49
"BenQ GW2283, 22 inch (55 cm) 1920x1080 Pixels IPS, Full HD Bezel-Less Monitor- Eye Care, Anti-Glare, Low Blue Light, Brightness Intelligence, Dual HDMI, Speakers, VESA Wall Mountable (Black)","₹7,498",4.4 out of 5 stars,"21,402",https://www.amazon.in/BenQ-Borderless-Brightness-Intelligence-Technology/dp/B07LDH32ZP/ref=sr_1_50?dib=eyJ2IjoiMSJ9.J2CmkMv3GlZ47W5QBhHvzw1pIjGACCQZ_jRg7PaIwHy6MnQOpUVEQ4VzCraZ8iCK0e_Va2wvfuMg_kUD0ufUlytFmB_wx5bx9MoBnUmsXcg6zI0PLu6H5Yd5vp201jodlePcgtsG6yYYI66ga7YIzkBi0f-4xunRDPPqu9j8R3axfgkK4NQwZ-xxtQmC9NivGwExQXtmErZEFVKqnrHKxsCH2uDn_WG77sXe31FkXEg.8EsSfsSdd8PP_4b47JGzh8t8K7NVwPr_mTWBrW271LU&dib_tag=se&keywords=monitors&qid=1715684594&sr=8-50
"Lenovo L-Series 27 inch (68.6cm) FHD IPS Ultraslim Monitor| 100Hz, 99% sRGB, 4ms, AMD FreeSync, 2X HDMI 1.4, VGA, 2x3W Speakers, Tilt Stand: Home & Office use, 3 Year Warranty, Cloud Grey, L27i-40","₹12,349",4.4 out of 5 stars,589,https://www.amazon.in/Lenovo-Ultraslim-Monitor-FreeSync-Speakers/dp/B0CLD1J94S/ref=sr_1_51?dib=eyJ2IjoiMSJ9.J2CmkMv3GlZ47W5QBhHvzw1pIjGACCQZ_jRg7PaIwHy6MnQOpUVEQ4VzCraZ8iCK0e_Va2wvfuMg_kUD0ufUlytFmB_wx5bx9MoBnUmsXcg6zI0PLu6H5Yd5vp201jodlePcgtsG6yYYI66ga7YIzkBi0f-4xunRDPPqu9j8R3axfgkK4NQwZ-xxtQmC9NivGwExQXtmErZEFVKqnrHKxsCH2uDn_WG77sXe31FkXEg.8EsSfsSdd8PP_4b47JGzh8t8K7NVwPr_mTWBrW271LU&dib_tag=se&keywords=monitors&qid=1715684594&sr=8-51
"Lenovo Q-Series 24 Inch (60.5Cm) 1920x1080 Pixels FHD IPS Monitor | Height Adjustment, 2X3W Speakers, 75Hz, AMD FreeSync, HDMI, DP, Smart Display Customization, Raven Black","₹11,499",4.4 out of 5 stars,"2,241",https://www.amazon.in/Lenovo-Adjustment-Speakers-Customization-Certified/dp/B0B4SVJNRW/ref=sr_1_52?dib=eyJ2IjoiMSJ9.J2CmkMv3GlZ47W5QBhHvzw1pIjGACCQZ_jRg7PaIwHy6MnQOpUVEQ4VzCraZ8iCK0e_Va2wvfuMg_kUD0ufUlytFmB_wx5bx9MoBnUmsXcg6zI0PLu6H5Yd5vp201jodlePcgtsG6yYYI66ga7YIzkBi0f-4xunRDPPqu9j8R3axfgkK4NQwZ-xxtQmC9NivGwExQXtmErZEFVKqnrHKxsCH2uDn_WG77sXe31FkXEg.8EsSfsSdd8PP_4b47JGzh8t8K7NVwPr_mTWBrW271LU&dib_tag=se&keywords=monitors&qid=1715684594&sr=8-52
"BenQ GW2490 23.8” 1080p FHD IPS Monitor, 100Hz,99%sRGB,Eye-careU,Dual HDMI,Display Port,Bezel-less,Eyesafe,VESA MediaSync, Brightness Intelligence,Low Blue Light+, Speakers,VESA Wall mountable(Black)","₹8,698",4.4 out of 5 stars,"21,402",https://www.amazon.in/sspa/click?ie=UTF8&spc=MTo1NjU0MTU5NDI2NTg3MTM0OjE3MTU2ODQ1OTQ6c3BfYnRmOjMwMDEzNTM4OTc5ODYzMjo6MDo6&url=%2FBenQ-GW2490-Bezel-less-Brightness-Intelligence%2Fdp%2FB0CQ2VKBMH%2Fref%3Dsr_1_53_sspa%3Fdib%3DeyJ2IjoiMSJ9.J2CmkMv3GlZ47W5QBhHvzw1pIjGACCQZ_jRg7PaIwHy6MnQOpUVEQ4VzCraZ8iCK0e_Va2wvfuMg_kUD0ufUlytFmB_wx5bx9MoBnUmsXcg6zI0PLu6H5Yd5vp201jodlePcgtsG6yYYI66ga7YIzkBi0f-4xunRDPPqu9j8R3axfgkK4NQwZ-xxtQmC9NivGwExQXtmErZEFVKqnrHKxsCH2uDn_WG77sXe31FkXEg.8EsSfsSdd8PP_4b47JGzh8t8K7NVwPr_mTWBrW271LU%26dib_tag%3Dse%26keywords%3Dmonitors%26qid%3D1715684594%26sr%3D8-53-spons%26sp_csd%3Dd2lkZ2V0TmFtZT1zcF9idGY%26psc%3D1
"Prechen Portable Small Monitor 13.3 inch HDMI Monitor 1366x768 LED Monitor with VGA/HDMI/AV/BNC/USB Ports, for Fire Stick, Computer, Kitchen Monitor, Wall Mountable, Built-in Speaker","₹10,300",No reviews,0,https://www.amazon.in/sspa/click?ie=UTF8&spc=MTo1NjU0MTU5NDI2NTg3MTM0OjE3MTU2ODQ1OTQ6c3BfYnRmOjMwMDE2ODI0ODQ0MTYzMjo6MDo6&url=%2FPrechen-Portable-1366x768-Computer-Mountable%2Fdp%2FB0CQYP4HVB%2Fref%3Dsr_1_54_sspa%3Fdib%3DeyJ2IjoiMSJ9.J2CmkMv3GlZ47W5QBhHvzw1pIjGACCQZ_jRg7PaIwHy6MnQOpUVEQ4VzCraZ8iCK0e_Va2wvfuMg_kUD0ufUlytFmB_wx5bx9MoBnUmsXcg6zI0PLu6H5Yd5vp201jodlePcgtsG6yYYI66ga7YIzkBi0f-4xunRDPPqu9j8R3axfgkK4NQwZ-xxtQmC9NivGwExQXtmErZEFVKqnrHKxsCH2uDn_WG77sXe31FkXEg.8EsSfsSdd8PP_4b47JGzh8t8K7NVwPr_mTWBrW271LU%26dib_tag%3Dse%26keywords%3Dmonitors%26qid%3D1715684594%26sr%3D8-54-spons%26sp_csd%3Dd2lkZ2V0TmFtZT1zcF9idGY%26psc%3D1
"MSI G244F 24 Inch FHD Gaming Monitor - 1920 x 1080 IPS Panel, 170 Hz / 1ms, 122.88% sRGB Colour Gamut/Freesync Premium- DP 1.2a, HDMI2.0b CEC","₹11,320",4.0 out of 5 stars,23,https://www.amazon.in/sspa/click?ie=UTF8&spc=MTo0NDkyOTA4NDc4NjI4MTM0OjE3MTU2ODQ1OTU6c3BfYXRmX25leHQ6MzAwMDUwMjE5ODExNTMyOjowOjo&url=%2FMSI-G244F-Inch-Gaming-Monitor%2Fdp%2FB0CB8NMLQK%2Fref%3Dsr_1_49_sspa%3Fdib%3DeyJ2IjoiMSJ9.ofwKyglZh1iiE0b-1pPRNwXApj7FsaIvASt0ZvailMHerKVoa-_5SiyOQ0EYPIe_90WwcLOTv973mUYxSLAz607VtviQ9GikkI3r-tzSwGhnGJv3gL4ao7k0C5OVUnr_vK0PCi4BiWVZgYoyPq5LU-OWUKfOGUXo04580c4-IQ0B6EfWNkYsBAeX2U8jRZm7UMIGpt_jmxSraCYTo6gUQLY8eLbOKe9xtS-yQSfuShQ.HOk8-jn-SxNNJPo1ZcnXBZk5pWg45G3RlSALiT-cueA%26dib_tag%3Dse%26keywords%3Dmonitors%26qid%3D1715684595%26sr%3D8-49-spons%26sp_csd%3Dd2lkZ2V0TmFtZT1zcF9hdGZfbmV4dA%26psc%3D1
"BenQ GW2780T 27 inch (68cm) 1920 X 1080 Pixels IPS Full HD Ultra-Slim Bezel Monitor- Height Adjustment, Eye Care, Anti-Glare, Brightness Intelligence, Speakers, Color Weakness Mode, HDMI, DP (Black)","₹14,490",4.4 out of 5 stars,"21,402",https://www.amazon.in/sspa/click?ie=UTF8&spc=MTo0NDkyOTA4NDc4NjI4MTM0OjE3MTU2ODQ1OTU6c3BfYXRmX25leHQ6MjAwNjU2OTQ0ODAyOTg6OjA6Og&url=%2FBenQ-GW2780T-Adjustment-Intelligence-Flicker-Free%2Fdp%2FB08D11X17Q%2Fref%3Dsr_1_50_sspa%3Fdib%3DeyJ2IjoiMSJ9.ofwKyglZh1iiE0b-1pPRNwXApj7FsaIvASt0ZvailMHerKVoa-_5SiyOQ0EYPIe_90WwcLOTv973mUYxSLAz607VtviQ9GikkI3r-tzSwGhnGJv3gL4ao7k0C5OVUnr_vK0PCi4BiWVZgYoyPq5LU-OWUKfOGUXo04580c4-IQ0B6EfWNkYsBAeX2U8jRZm7UMIGpt_jmxSraCYTo6gUQLY8eLbOKe9xtS-yQSfuShQ.HOk8-jn-SxNNJPo1ZcnXBZk5pWg45G3RlSALiT-cueA%26dib_tag%3Dse%26keywords%3Dmonitors%26qid%3D1715684595%26sr%3D8-50-spons%26sp_csd%3Dd2lkZ2V0TmFtZT1zcF9hdGZfbmV4dA%26psc%3D1
"Samsung 24-Inch(60cm) FHD Odyssey G3 Gaming, 165 Hz, 1Ms Flat LED Monitor, 1920 X 1080 Pixels, Height Adjustable Stand, Bezel Less, Eye-Saver, AMD Freesync Premium (LS24AG320NWXXL, Black)","₹10,399",4.3 out of 5 stars,82,https://www.amazon.in/Samsung-Adjustable-Eye-Saver-FreeSync-LS24AG320NWXXL/dp/B0C4YS5PSK/ref=sr_1_51?dib=eyJ2IjoiMSJ9.ofwKyglZh1iiE0b-1pPRNwXApj7FsaIvASt0ZvailMHerKVoa-_5SiyOQ0EYPIe_90WwcLOTv973mUYxSLAz607VtviQ9GikkI3r-tzSwGhnGJv3gL4ao7k0C5OVUnr_vK0PCi4BiWVZgYoyPq5LU-OWUKfOGUXo04580c4-IQ0B6EfWNkYsBAeX2U8jRZm7UMIGpt_jmxSraCYTo6gUQLY8eLbOKe9xtS-yQSfuShQ.HOk8-jn-SxNNJPo1ZcnXBZk5pWg45G3RlSALiT-cueA&dib_tag=se&keywords=monitors&qid=1715684595&sr=8-51
"Dell D1918H 18.5"" (46 cm) HD Monitor 1366X768 Pixels@60Hz, TN Panel, 3Yrs Warranty, Brightness 200 cd/m², Contrast Ratio 600:1, 16.7m Colours, Colour Gamut 72% NTSC(CIE 1931), HDMI & VGA, Tilt Adjust","₹5,799",4.2 out of 5 stars,"1,444",https://www.amazon.in/Dell-D1918H-Warranty-Brightness-Contrast/dp/B0767971Z5/ref=sr_1_52?dib=eyJ2IjoiMSJ9.ofwKyglZh1iiE0b-1pPRNwXApj7FsaIvASt0ZvailMHerKVoa-_5SiyOQ0EYPIe_90WwcLOTv973mUYxSLAz607VtviQ9GikkI3r-tzSwGhnGJv3gL4ao7k0C5OVUnr_vK0PCi4BiWVZgYoyPq5LU-OWUKfOGUXo04580c4-IQ0B6EfWNkYsBAeX2U8jRZm7UMIGpt_jmxSraCYTo6gUQLY8eLbOKe9xtS-yQSfuShQ.HOk8-jn-SxNNJPo1ZcnXBZk5pWg45G3RlSALiT-cueA&dib_tag=se&keywords=monitors&qid=1715684595&sr=8-52
"Dell SE2422H 24-Inch/60 cm FHD Monitor 1920X1080 Pixels @75Hz, VA Panel, 3-Yr Manufacturer Warranty, 16.7M Colours, Brightness 250 cd/m², Contrast Ratio 3000:1, HDMI & VGA, Tilt Adjust, AMD FreeSync","₹8,199",4.3 out of 5 stars,"4,917",https://www.amazon.in/Dell-SE2422H-VA-Panel-Anti-Glare-Coating-FreeSync/dp/B095721RV6/ref=sr_1_53?dib=eyJ2IjoiMSJ9.ofwKyglZh1iiE0b-1pPRNwXApj7FsaIvASt0ZvailMHerKVoa-_5SiyOQ0EYPIe_90WwcLOTv973mUYxSLAz607VtviQ9GikkI3r-tzSwGhnGJv3gL4ao7k0C5OVUnr_vK0PCi4BiWVZgYoyPq5LU-OWUKfOGUXo04580c4-IQ0B6EfWNkYsBAeX2U8jRZm7UMIGpt_jmxSraCYTo6gUQLY8eLbOKe9xtS-yQSfuShQ.HOk8-jn-SxNNJPo1ZcnXBZk5pWg45G3RlSALiT-cueA&dib_tag=se&keywords=monitors&qid=1715684595&sr=8-53
"LG Ultragear Gaming Monitor(27"") Qhd IPS Display(2560 * 1440),Smooth Gameplay:165Hz & 1Ms,HDR 10,Srgb 99%(Typ.),G-Sync,AMD Freesync Premium,Anti-Glare,Height,Pivot,Hdmi,Dp,Hp Out,27Gr75Q,Black","₹24,000",4.4 out of 5 stars,332,https://www.amazon.in/LG-UltraGearTM-Monitor-Display-Gameplay/dp/B0C8MVVCQN/ref=sr_1_54?dib=eyJ2IjoiMSJ9.ofwKyglZh1iiE0b-1pPRNwXApj7FsaIvASt0ZvailMHerKVoa-_5SiyOQ0EYPIe_90WwcLOTv973mUYxSLAz607VtviQ9GikkI3r-tzSwGhnGJv3gL4ao7k0C5OVUnr_vK0PCi4BiWVZgYoyPq5LU-OWUKfOGUXo04580c4-IQ0B6EfWNkYsBAeX2U8jRZm7UMIGpt_jmxSraCYTo6gUQLY8eLbOKe9xtS-yQSfuShQ.HOk8-jn-SxNNJPo1ZcnXBZk5pWg45G3RlSALiT-cueA&dib_tag=se&keywords=monitors&qid=1715684595&sr=8-54
"ZEBRONICS A24FHD LED Monitor, 24 inch (60.96cm), 250 nits, 75Hz, Slim Design, FHD, 1080p, Wall Mountable, HDMI, VGA, Ultra Slim Bezel, Metal Stand, Built-in Speakers","₹6,999",3.8 out of 5 stars,"1,680",https://www.amazon.in/ZEBRONICS-Monitor-60-96cm-Mountable-Speakers/dp/B09X3C3JXP/ref=sr_1_55?dib=eyJ2IjoiMSJ9.ofwKyglZh1iiE0b-1pPRNwXApj7FsaIvASt0ZvailMHerKVoa-_5SiyOQ0EYPIe_90WwcLOTv973mUYxSLAz607VtviQ9GikkI3r-tzSwGhnGJv3gL4ao7k0C5OVUnr_vK0PCi4BiWVZgYoyPq5LU-OWUKfOGUXo04580c4-IQ0B6EfWNkYsBAeX2U8jRZm7UMIGpt_jmxSraCYTo6gUQLY8eLbOKe9xtS-yQSfuShQ.HOk8-jn-SxNNJPo1ZcnXBZk5pWg45G3RlSALiT-cueA&dib_tag=se&keywords=monitors&qid=1715684595&sr=8-55
"Dell SE2222H 22"" (55.88 cm) FHD Monitor 1920 X 1080 Pixels @60Hz, VA Panel, 5-Year warranty, Brightness 250 cd/m², Contrast Ratio 3000:1, HDMI & VGA, Tilt-adjustment","₹6,899",4.2 out of 5 stars,822,https://www.amazon.in/Dell-Monitor-SE2222H-Backlight-Response/dp/B095749V5V/ref=sr_1_56?dib=eyJ2IjoiMSJ9.ofwKyglZh1iiE0b-1pPRNwXApj7FsaIvASt0ZvailMHerKVoa-_5SiyOQ0EYPIe_90WwcLOTv973mUYxSLAz607VtviQ9GikkI3r-tzSwGhnGJv3gL4ao7k0C5OVUnr_vK0PCi4BiWVZgYoyPq5LU-OWUKfOGUXo04580c4-IQ0B6EfWNkYsBAeX2U8jRZm7UMIGpt_jmxSraCYTo6gUQLY8eLbOKe9xtS-yQSfuShQ.HOk8-jn-SxNNJPo1ZcnXBZk5pWg45G3RlSALiT-cueA&dib_tag=se&keywords=monitors&qid=1715684595&sr=8-56
"ZEBRONICS Zeb-V16HD LED Monitor with15.4 with Supporting HDMI, has VGA Input, HD 1280 x 800 Pixels, Glossy Panel, Slim Feature and Wall mountable.","₹2,499",3.6 out of 5 stars,"3,323",https://www.amazon.in/ZEBRONICS-Zeb-V16HD-LED-Supporting-mountable/dp/B0B4GD3TDV/ref=sr_1_57?dib=eyJ2IjoiMSJ9.ofwKyglZh1iiE0b-1pPRNwXApj7FsaIvASt0ZvailMHerKVoa-_5SiyOQ0EYPIe_90WwcLOTv973mUYxSLAz607VtviQ9GikkI3r-tzSwGhnGJv3gL4ao7k0C5OVUnr_vK0PCi4BiWVZgYoyPq5LU-OWUKfOGUXo04580c4-IQ0B6EfWNkYsBAeX2U8jRZm7UMIGpt_jmxSraCYTo6gUQLY8eLbOKe9xtS-yQSfuShQ.HOk8-jn-SxNNJPo1ZcnXBZk5pWg45G3RlSALiT-cueA&dib_tag=se&keywords=monitors&qid=1715684595&sr=8-57
"MSI PRO MP245V 23.8 Inch Full HD Office Monitor - 1920 x 1080 VA Panel, 100 Hz, Eye-Friendly Screen, VESA Mountable, Display Kit Support, Tilt Adjustable - HDMI 1.4, D-Sub","₹6,999",4.3 out of 5 stars,"1,211",https://www.amazon.in/MSI-PRO-MP245V-Office-Monitor/dp/B0CGVB9FTB/ref=sr_1_58?dib=eyJ2IjoiMSJ9.ofwKyglZh1iiE0b-1pPRNwXApj7FsaIvASt0ZvailMHerKVoa-_5SiyOQ0EYPIe_90WwcLOTv973mUYxSLAz607VtviQ9GikkI3r-tzSwGhnGJv3gL4ao7k0C5OVUnr_vK0PCi4BiWVZgYoyPq5LU-OWUKfOGUXo04580c4-IQ0B6EfWNkYsBAeX2U8jRZm7UMIGpt_jmxSraCYTo6gUQLY8eLbOKe9xtS-yQSfuShQ.HOk8-jn-SxNNJPo1ZcnXBZk5pWg45G3RlSALiT-cueA&dib_tag=se&keywords=monitors&qid=1715684595&sr=8-58
"MSI PRO MP241X 24-Inch Full HD Computer Monitor - Professional LED Monitor with 75Hz Refresh Rate, Anti-Glare & Anti-Flicker Technology PC Monitor for Desktop (Black)","₹6,999",4.3 out of 5 stars,"1,211",https://www.amazon.in/sspa/click?ie=UTF8&spc=MTo0NDkyOTA4NDc4NjI4MTM0OjE3MTU2ODQ1OTU6c3BfbXRmOjMwMDE3MDc2ODQ5NjAzMjo6MDo6&url=%2FMSI-PRO-MP241X-Professional-Anti-Flicker%2Fdp%2FB0BBRF9M4F%2Fref%3Dsr_1_59_sspa%3Fdib%3DeyJ2IjoiMSJ9.ofwKyglZh1iiE0b-1pPRNwXApj7FsaIvASt0ZvailMHerKVoa-_5SiyOQ0EYPIe_90WwcLOTv973mUYxSLAz607VtviQ9GikkI3r-tzSwGhnGJv3gL4ao7k0C5OVUnr_vK0PCi4BiWVZgYoyPq5LU-OWUKfOGUXo04580c4-IQ0B6EfWNkYsBAeX2U8jRZm7UMIGpt_jmxSraCYTo6gUQLY8eLbOKe9xtS-yQSfuShQ.HOk8-jn-SxNNJPo1ZcnXBZk5pWg45G3RlSALiT-cueA%26dib_tag%3Dse%26keywords%3Dmonitors%26qid%3D1715684595%26sr%3D8-59-spons%26sp_csd%3Dd2lkZ2V0TmFtZT1zcF9tdGY%26psc%3D1
"ViewSonic 32 Inch Full Hd 1920X1080 Resolution IPS Freesync Wide Monitor 75Hz Refresh Rate,3-Side Borderless,Dual Speaker,Hdmi,Vga,Wall Mount,Eye-Care,Flicker Free,104% Srgb -Va3209-Mh.,Black","₹13,382",4.2 out of 5 stars,"1,130",https://www.amazon.in/sspa/click?ie=UTF8&spc=MTo0NDkyOTA4NDc4NjI4MTM0OjE3MTU2ODQ1OTU6c3BfbXRmOjMwMDE1MDI0ODg2NjQzMjo6MDo6&url=%2FViewSonic-1920X1080-Resolution-Borderless-Va3209-Mh%2Fdp%2FB0B9H6FM5S%2Fref%3Dsr_1_60_sspa%3Fdib%3DeyJ2IjoiMSJ9.ofwKyglZh1iiE0b-1pPRNwXApj7FsaIvASt0ZvailMHerKVoa-_5SiyOQ0EYPIe_90WwcLOTv973mUYxSLAz607VtviQ9GikkI3r-tzSwGhnGJv3gL4ao7k0C5OVUnr_vK0PCi4BiWVZgYoyPq5LU-OWUKfOGUXo04580c4-IQ0B6EfWNkYsBAeX2U8jRZm7UMIGpt_jmxSraCYTo6gUQLY8eLbOKe9xtS-yQSfuShQ.HOk8-jn-SxNNJPo1ZcnXBZk5pWg45G3RlSALiT-cueA%26dib_tag%3Dse%26keywords%3Dmonitors%26qid%3D1715684595%26sr%3D8-60-spons%26sp_csd%3Dd2lkZ2V0TmFtZT1zcF9tdGY%26psc%3D1
"Samsung 27-inch(68.4cm) Gaming, FHD, 165 Hz, 1 Ms, Flat Monitor, HAS, 3-Sided Borderless Display, Eye-Saver Mode, AMD FreeSync Premium, (LS27AG320NWXXL, Black)","₹15,899",4.3 out of 5 stars,82,https://www.amazon.in/Samsung-Borderless-Eye-Saver-FreeSync-LS27AG320NWXXL/dp/B0CC573ZCH/ref=sr_1_61?dib=eyJ2IjoiMSJ9.ofwKyglZh1iiE0b-1pPRNwXApj7FsaIvASt0ZvailMHerKVoa-_5SiyOQ0EYPIe_90WwcLOTv973mUYxSLAz607VtviQ9GikkI3r-tzSwGhnGJv3gL4ao7k0C5OVUnr_vK0PCi4BiWVZgYoyPq5LU-OWUKfOGUXo04580c4-IQ0B6EfWNkYsBAeX2U8jRZm7UMIGpt_jmxSraCYTo6gUQLY8eLbOKe9xtS-yQSfuShQ.HOk8-jn-SxNNJPo1ZcnXBZk5pWg45G3RlSALiT-cueA&dib_tag=se&keywords=monitors&qid=1715684595&sr=8-61
"Samsung 27-inches 68.46cm 3840 X 2160 (UHD) Pixels 4K, Flat Monitor, IPS, Bezel Less Design, 1 Billion Colors, HDR10, FSC-Certified, Intelligent Eye Care, Energy Saving LS27A700NWWXXL, Black","₹25,699",4.1 out of 5 stars,24,https://www.amazon.in/Samsung-3840x2160-Computer-Intelligent-LS27A700NWWXXL/dp/B09CKQBDSY/ref=sr_1_62?dib=eyJ2IjoiMSJ9.ofwKyglZh1iiE0b-1pPRNwXApj7FsaIvASt0ZvailMHerKVoa-_5SiyOQ0EYPIe_90WwcLOTv973mUYxSLAz607VtviQ9GikkI3r-tzSwGhnGJv3gL4ao7k0C5OVUnr_vK0PCi4BiWVZgYoyPq5LU-OWUKfOGUXo04580c4-IQ0B6EfWNkYsBAeX2U8jRZm7UMIGpt_jmxSraCYTo6gUQLY8eLbOKe9xtS-yQSfuShQ.HOk8-jn-SxNNJPo1ZcnXBZk5pWg45G3RlSALiT-cueA&dib_tag=se&keywords=monitors&qid=1715684595&sr=8-62
"BenQ MOBIUZ EX2710S 27""(68cm) IPS Bezel-Less HDR Gaming Monitor with Height Adjust-Full HD,99% sRGB,165Hz,1ms MPRT, AMD FreeSync Premium,Black Equalizer,treVolo Speakers,HDMI,DP(Dark Grey)","₹19,490",4.5 out of 5 stars,"4,008",https://www.amazon.in/BenQ-EX2710S-FreeSync-Speakers-Adjustable/dp/B09BJVZVTB/ref=sr_1_63?dib=eyJ2IjoiMSJ9.ofwKyglZh1iiE0b-1pPRNwXApj7FsaIvASt0ZvailMHerKVoa-_5SiyOQ0EYPIe_90WwcLOTv973mUYxSLAz607VtviQ9GikkI3r-tzSwGhnGJv3gL4ao7k0C5OVUnr_vK0PCi4BiWVZgYoyPq5LU-OWUKfOGUXo04580c4-IQ0B6EfWNkYsBAeX2U8jRZm7UMIGpt_jmxSraCYTo6gUQLY8eLbOKe9xtS-yQSfuShQ.HOk8-jn-SxNNJPo1ZcnXBZk5pWg45G3RlSALiT-cueA&dib_tag=se&keywords=monitors&qid=1715684595&sr=8-63
"Samsung 27-Inch(68.58Cm) LCD M5 Fhd Smart Monitor, Mouse & Keyboard Control, Smart Tv Apps, Iot Hub, Office 365, Apple Airplay, Dex, Speakers, Remote, Bluetooth (Ls27Cm501Ewxxl, White)","₹15,999",4.1 out of 5 stars,"2,954",https://www.amazon.in/Samsung-Keyboard-Speakers-Bluetooth-LS27CM501EWXXL/dp/B0C4YQPDCW/ref=sr_1_64?dib=eyJ2IjoiMSJ9.ofwKyglZh1iiE0b-1pPRNwXApj7FsaIvASt0ZvailMHerKVoa-_5SiyOQ0EYPIe_90WwcLOTv973mUYxSLAz607VtviQ9GikkI3r-tzSwGhnGJv3gL4ao7k0C5OVUnr_vK0PCi4BiWVZgYoyPq5LU-OWUKfOGUXo04580c4-IQ0B6EfWNkYsBAeX2U8jRZm7UMIGpt_jmxSraCYTo6gUQLY8eLbOKe9xtS-yQSfuShQ.HOk8-jn-SxNNJPo1ZcnXBZk5pWg45G3RlSALiT-cueA&dib_tag=se&keywords=monitors&qid=1715684595&sr=8-64
"LG 68 Cm (27 Inch) 4K-UHD (3840 x 2160) Pixels HDR 10 Monitor (Design & Video Editing) with IPS Panel, HDMI x 2, Display Port, AMD Freesync - 27UL500, White",,4.3 out of 5 stars,"3,943",https://www.amazon.in/LG-4K-UHD-Monitor-Display-Freesync/dp/B07PGL2WVS/ref=sr_1_65?dib=eyJ2IjoiMSJ9.ofwKyglZh1iiE0b-1pPRNwXApj7FsaIvASt0ZvailMHerKVoa-_5SiyOQ0EYPIe_90WwcLOTv973mUYxSLAz607VtviQ9GikkI3r-tzSwGhnGJv3gL4ao7k0C5OVUnr_vK0PCi4BiWVZgYoyPq5LU-OWUKfOGUXo04580c4-IQ0B6EfWNkYsBAeX2U8jRZm7UMIGpt_jmxSraCYTo6gUQLY8eLbOKe9xtS-yQSfuShQ.HOk8-jn-SxNNJPo1ZcnXBZk5pWg45G3RlSALiT-cueA&dib_tag=se&keywords=monitors&qid=1715684595&sr=8-65
"BenQ GW2485TC 24"" 1920x1080 IPS Full HD 75Hz Ultra-Slim Bezel Monitor with Height Adjustment, Eye Care, Brightness Intelligence, Speakers, USB-C (PD 60W), HDMI, DP, Coding Mode, Daisy Chain (Black)","₹14,766",4.1 out of 5 stars,766,https://www.amazon.in/BenQ-GW2485TC-Cancellation-Brightness-Intelligence/dp/B09K3ZPZW5/ref=sr_1_66?dib=eyJ2IjoiMSJ9.ofwKyglZh1iiE0b-1pPRNwXApj7FsaIvASt0ZvailMHerKVoa-_5SiyOQ0EYPIe_90WwcLOTv973mUYxSLAz607VtviQ9GikkI3r-tzSwGhnGJv3gL4ao7k0C5OVUnr_vK0PCi4BiWVZgYoyPq5LU-OWUKfOGUXo04580c4-IQ0B6EfWNkYsBAeX2U8jRZm7UMIGpt_jmxSraCYTo6gUQLY8eLbOKe9xtS-yQSfuShQ.HOk8-jn-SxNNJPo1ZcnXBZk5pWg45G3RlSALiT-cueA&dib_tag=se&keywords=monitors&qid=1715684595&sr=8-66
"MSI PRO MP241X 24-Inch Full HD Computer Monitor - Professional LED Monitor with 75Hz Refresh Rate, Anti-Glare & Anti-Flicker Technology PC Monitor for Desktop (Black)","₹6,999",4.3 out of 5 stars,"1,211",https://www.amazon.in/MSI-PRO-MP241X-Professional-Anti-Flicker/dp/B0BBRF9M4F/ref=sr_1_67?dib=eyJ2IjoiMSJ9.ofwKyglZh1iiE0b-1pPRNwXApj7FsaIvASt0ZvailMHerKVoa-_5SiyOQ0EYPIe_90WwcLOTv973mUYxSLAz607VtviQ9GikkI3r-tzSwGhnGJv3gL4ao7k0C5OVUnr_vK0PCi4BiWVZgYoyPq5LU-OWUKfOGUXo04580c4-IQ0B6EfWNkYsBAeX2U8jRZm7UMIGpt_jmxSraCYTo6gUQLY8eLbOKe9xtS-yQSfuShQ.HOk8-jn-SxNNJPo1ZcnXBZk5pWg45G3RlSALiT-cueA&dib_tag=se&keywords=monitors&qid=1715684595&sr=8-67
"LG 29"" (73CM) UltraWide™ WFHD LCD 2560 X 1080 Pixels IPS Display Monitor - HDR 10, AMD Freesync, Inbuilt 5W Speaker, Srgb 99%, Multi Tasking Monitor, Hdmi X 2-29WL50S (Black)","₹16,399",4.3 out of 5 stars,"1,734",https://www.amazon.in/LG-UltraWide-Inches-WFHD-Display/dp/B09GW9LFMG/ref=sr_1_68?dib=eyJ2IjoiMSJ9.ofwKyglZh1iiE0b-1pPRNwXApj7FsaIvASt0ZvailMHerKVoa-_5SiyOQ0EYPIe_90WwcLOTv973mUYxSLAz607VtviQ9GikkI3r-tzSwGhnGJv3gL4ao7k0C5OVUnr_vK0PCi4BiWVZgYoyPq5LU-OWUKfOGUXo04580c4-IQ0B6EfWNkYsBAeX2U8jRZm7UMIGpt_jmxSraCYTo6gUQLY8eLbOKe9xtS-yQSfuShQ.HOk8-jn-SxNNJPo1ZcnXBZk5pWg45G3RlSALiT-cueA&dib_tag=se&keywords=monitors&qid=1715684595&sr=8-68
"BenQ GW2785TC 27"" 1920x1080 IPS Full HD 75Hz Ultra-Slim Bezel Monitor with Height Adjustment, Eye Care, Brightness Intelligence, Speakers, USB-C (PD 60W), HDMI, DP, Coding Mode, Daisy Chain (Black)","₹18,490",4.1 out of 5 stars,766,https://www.amazon.in/sspa/click?ie=UTF8&spc=MTo0NDkyOTA4NDc4NjI4MTM0OjE3MTU2ODQ1OTU6c3BfYnRmOjIwMDE5Mjc2MjM3ODk4OjowOjo&url=%2FBenQ-Eye-Care-Cancellation-Ergonomic-GW2785TC%2Fdp%2FB09K4189HH%2Fref%3Dsr_1_69_sspa%3Fdib%3DeyJ2IjoiMSJ9.ofwKyglZh1iiE0b-1pPRNwXApj7FsaIvASt0ZvailMHerKVoa-_5SiyOQ0EYPIe_90WwcLOTv973mUYxSLAz607VtviQ9GikkI3r-tzSwGhnGJv3gL4ao7k0C5OVUnr_vK0PCi4BiWVZgYoyPq5LU-OWUKfOGUXo04580c4-IQ0B6EfWNkYsBAeX2U8jRZm7UMIGpt_jmxSraCYTo6gUQLY8eLbOKe9xtS-yQSfuShQ.HOk8-jn-SxNNJPo1ZcnXBZk5pWg45G3RlSALiT-cueA%26dib_tag%3Dse%26keywords%3Dmonitors%26qid%3D1715684595%26sr%3D8-69-spons%26sp_csd%3Dd2lkZ2V0TmFtZT1zcF9idGY%26psc%3D1
"ZEBRONICS A24FHD LED, Gaming Monitor, 24 inch (60.96cm), 300 nits, 165Hz, Slim Design, FHD, 1080p, Wall Mountable, HDMI, DisplayPort, USB Port, Ultra Slim Bezel, Metal Stand, Built-in Speakers","₹8,999",3.8 out of 5 stars,"1,680",https://www.amazon.in/sspa/click?ie=UTF8&spc=MTo0NDkyOTA4NDc4NjI4MTM0OjE3MTU2ODQ1OTU6c3BfYnRmOjIwMTUyNzYxOTY4Mjk4OjowOjo&url=%2FZEBRONICS-60-4cms-24inch-1920x1080-Widescreen-ZEB-A24FHD%2Fdp%2FB09X3BP3FK%2Fref%3Dsr_1_70_sspa%3Fdib%3DeyJ2IjoiMSJ9.ofwKyglZh1iiE0b-1pPRNwXApj7FsaIvASt0ZvailMHerKVoa-_5SiyOQ0EYPIe_90WwcLOTv973mUYxSLAz607VtviQ9GikkI3r-tzSwGhnGJv3gL4ao7k0C5OVUnr_vK0PCi4BiWVZgYoyPq5LU-OWUKfOGUXo04580c4-IQ0B6EfWNkYsBAeX2U8jRZm7UMIGpt_jmxSraCYTo6gUQLY8eLbOKe9xtS-yQSfuShQ.HOk8-jn-SxNNJPo1ZcnXBZk5pWg45G3RlSALiT-cueA%26dib_tag%3Dse%26keywords%3Dmonitors%26qid%3D1715684595%26sr%3D8-70-spons%26sp_csd%3Dd2lkZ2V0TmFtZT1zcF9idGY%26psc%3D1
"Prechen 14"" Touchscreen Portable Monitor，UltraSlim Portable Laptop Monitor FHD 1920x1080P External Display with DualSpeakers Second Screen for Laptop PCPhone，USB C HDMI Port Plug and Play","₹16,899",,M.R.P: ,https://www.amazon.in/sspa/click?ie=UTF8&spc=MTo2NzQxNDg4MDY3NDQ4MTM0OjE3MTU2ODQ1OTc6c3BfYXRmX25leHQ6MzAwMTc2ODY3MTMzMDMyOjowOjo&url=%2FPrechen-Touchscreen-Monitor%25EF%25BC%258CUltraSlim-DualSpeakers-PCPhone%25EF%25BC%258CUSB%2Fdp%2FB0CQTB6XGT%2Fref%3Dsr_1_65_sspa%3Fdib%3DeyJ2IjoiMSJ9.boQdPKV73a41obkNRMPsXiM3r2mYDq8xKYovp6FIJnK1hX_recqLOWtLk-J-GvrkKfm1VAl17L8OMQLCPk7sh3rabiV7uvnlIf-XlHWq8UkVstlVX7iIUs-HHcv-grhY-heIaBO6zdPYkyJvzqd2Z1BfVgiAUCUlJHg6--DDadzrz3dk0UWDcFy4rH5sf3Z_eYbKfNihIlJx6oC34RnIAts3adCufn3raavBkAHyZ_0.oaG8RXO4CT5XRq4qGFsGehoP8r5y8YY11_kG5UDkZj0%26dib_tag%3Dse%26keywords%3Dmonitors%26qid%3D1715684597%26sr%3D8-65-spons%26sp_csd%3Dd2lkZ2V0TmFtZT1zcF9hdGZfbmV4dA%26psc%3D1
"Prechen Portable Monitor 16 Inch FHD 1920X1200P IPS Screen,Second External Display ，with USB-C/TypeC/HDMI Built-in Speaker，Suitable for laptops, Desktop MacBooks, Mobile Phones, Tablets, PS5/4, Xbox","₹15,999",,M.R.P: ,https://www.amazon.in/sspa/click?ie=UTF8&spc=MTo2NzQxNDg4MDY3NDQ4MTM0OjE3MTU2ODQ1OTc6c3BfYXRmX25leHQ6MzAwMTc2ODQ1MjEwNjMyOjowOjo&url=%2FPrechen-Portable-1920X1200P-External-Speaker%25EF%25BC%258CSuitable%2Fdp%2FB0CQT9T3Y1%2Fref%3Dsr_1_66_sspa%3Fdib%3DeyJ2IjoiMSJ9.boQdPKV73a41obkNRMPsXiM3r2mYDq8xKYovp6FIJnK1hX_recqLOWtLk-J-GvrkKfm1VAl17L8OMQLCPk7sh3rabiV7uvnlIf-XlHWq8UkVstlVX7iIUs-HHcv-grhY-heIaBO6zdPYkyJvzqd2Z1BfVgiAUCUlJHg6--DDadzrz3dk0UWDcFy4rH5sf3Z_eYbKfNihIlJx6oC34RnIAts3adCufn3raavBkAHyZ_0.oaG8RXO4CT5XRq4qGFsGehoP8r5y8YY11_kG5UDkZj0%26dib_tag%3Dse%26keywords%3Dmonitors%26qid%3D1715684597%26sr%3D8-66-spons%26sp_csd%3Dd2lkZ2V0TmFtZT1zcF9hdGZfbmV4dA%26psc%3D1
"LG Electronics 24 Inch (60.9Cm) Full Hd Monitor with IPS Panel(1920X1080 Pixel),1Ms,75Hz,AMD Free-Sync with Gaming Mode,3-Side Borderless Design,Vga,Hdmi,Display Port,Tilt Stand - 24Mp60G (Black)","₹8,199",4.3 out of 5 stars,209,https://www.amazon.in/LG-24MP60G-Free-sync-Display-Monitor/dp/B09GW8CXM1/ref=sr_1_67?dib=eyJ2IjoiMSJ9.boQdPKV73a41obkNRMPsXiM3r2mYDq8xKYovp6FIJnK1hX_recqLOWtLk-J-GvrkKfm1VAl17L8OMQLCPk7sh3rabiV7uvnlIf-XlHWq8UkVstlVX7iIUs-HHcv-grhY-heIaBO6zdPYkyJvzqd2Z1BfVgiAUCUlJHg6--DDadzrz3dk0UWDcFy4rH5sf3Z_eYbKfNihIlJx6oC34RnIAts3adCufn3raavBkAHyZ_0.oaG8RXO4CT5XRq4qGFsGehoP8r5y8YY11_kG5UDkZj0&dib_tag=se&keywords=monitors&qid=1715684597&sr=8-67
"LG UltraWide 29 inch (73 cm) IPS FHD, 2560x1080 Pixels, Color Calibrated, 100Hz, 7W x 2 Inbuilt Speaker, USB-C, Display Port, HDMI, White Color-29WQ600","₹20,790",4.3 out of 5 stars,"1,734",https://www.amazon.in/LG-UltraWide-2560x1080-Calibrated-Color-29WQ600/dp/B0BRQVQJW2/ref=sr_1_68?dib=eyJ2IjoiMSJ9.boQdPKV73a41obkNRMPsXiM3r2mYDq8xKYovp6FIJnK1hX_recqLOWtLk-J-GvrkKfm1VAl17L8OMQLCPk7sh3rabiV7uvnlIf-XlHWq8UkVstlVX7iIUs-HHcv-grhY-heIaBO6zdPYkyJvzqd2Z1BfVgiAUCUlJHg6--DDadzrz3dk0UWDcFy4rH5sf3Z_eYbKfNihIlJx6oC34RnIAts3adCufn3raavBkAHyZ_0.oaG8RXO4CT5XRq4qGFsGehoP8r5y8YY11_kG5UDkZj0&dib_tag=se&keywords=monitors&qid=1715684597&sr=8-68
"Samsung 32-Inch(80cm) LCD M5 FHD Smart Monitor, Mouse & Keyboard Control, Smart TV Apps, IOT Hub, Office 365, Apple Airplay, Dex, Speakers, Remote, Bluetooth (LS32CM500EWXXL, Black)","₹19,499",4.1 out of 5 stars,"2,954",https://www.amazon.in/Samsung-Keyboard-Speakers-Bluetooth-LS32CM500EWXXL/dp/B0C4YPVFLX/ref=sr_1_69?dib=eyJ2IjoiMSJ9.boQdPKV73a41obkNRMPsXiM3r2mYDq8xKYovp6FIJnK1hX_recqLOWtLk-J-GvrkKfm1VAl17L8OMQLCPk7sh3rabiV7uvnlIf-XlHWq8UkVstlVX7iIUs-HHcv-grhY-heIaBO6zdPYkyJvzqd2Z1BfVgiAUCUlJHg6--DDadzrz3dk0UWDcFy4rH5sf3Z_eYbKfNihIlJx6oC34RnIAts3adCufn3raavBkAHyZ_0.oaG8RXO4CT5XRq4qGFsGehoP8r5y8YY11_kG5UDkZj0&dib_tag=se&keywords=monitors&qid=1715684597&sr=8-69
GEONIX 24 Inch PC Monitor | TFT | Full HD 1920 x 1080 Pixels | Display Output VGA & HDMI | with LED Back Light Technology |3 Years Warranty,"₹4,537",3.3 out of 5 stars,100,https://www.amazon.in/GEONIX-Monitor-Display-Technology-Warranty/dp/B0C2HMBMSS/ref=sr_1_70?dib=eyJ2IjoiMSJ9.boQdPKV73a41obkNRMPsXiM3r2mYDq8xKYovp6FIJnK1hX_recqLOWtLk-J-GvrkKfm1VAl17L8OMQLCPk7sh3rabiV7uvnlIf-XlHWq8UkVstlVX7iIUs-HHcv-grhY-heIaBO6zdPYkyJvzqd2Z1BfVgiAUCUlJHg6--DDadzrz3dk0UWDcFy4rH5sf3Z_eYbKfNihIlJx6oC34RnIAts3adCufn3raavBkAHyZ_0.oaG8RXO4CT5XRq4qGFsGehoP8r5y8YY11_kG5UDkZj0&dib_tag=se&keywords=monitors&qid=1715684597&sr=8-70
Acer SA272U E 27 Inch WQHD 2560x1440 Resolution IPS Ultra Slim (7.2mm) Backlight LED LCD Monitor I 100Hz Refresh I 1 MS VRB I HDR 10 I AMD Free Sync I 2xHDMI 1xDP I Stereo Speakers I Eye Care I White,"₹14,900",4.3 out of 5 stars,57,https://www.amazon.in/Acer-2560x1440-Resolution-Backlight-Speakers/dp/B0CKTMKM59/ref=sr_1_71?dib=eyJ2IjoiMSJ9.boQdPKV73a41obkNRMPsXiM3r2mYDq8xKYovp6FIJnK1hX_recqLOWtLk-J-GvrkKfm1VAl17L8OMQLCPk7sh3rabiV7uvnlIf-XlHWq8UkVstlVX7iIUs-HHcv-grhY-heIaBO6zdPYkyJvzqd2Z1BfVgiAUCUlJHg6--DDadzrz3dk0UWDcFy4rH5sf3Z_eYbKfNihIlJx6oC34RnIAts3adCufn3raavBkAHyZ_0.oaG8RXO4CT5XRq4qGFsGehoP8r5y8YY11_kG5UDkZj0&dib_tag=se&keywords=monitors&qid=1715684597&sr=8-71
"Zebronics Ea122 Led Monitor with Hd+ 1680X1050, 2000000:1 Contrast Ratio (Dynamic), 250Cd/M² Brightness (Max), Wall Mountable, Dual Input Hdmi & Vga, 16:10 Aspect Ratio, 16.7M Colors, Black","₹3,999",3.6 out of 5 stars,"3,323",https://www.amazon.in/Zebronics-Ea122-Monitor-1680X1050-2000000/dp/B0CF5MXYLF/ref=sr_1_72?dib=eyJ2IjoiMSJ9.boQdPKV73a41obkNRMPsXiM3r2mYDq8xKYovp6FIJnK1hX_recqLOWtLk-J-GvrkKfm1VAl17L8OMQLCPk7sh3rabiV7uvnlIf-XlHWq8UkVstlVX7iIUs-HHcv-grhY-heIaBO6zdPYkyJvzqd2Z1BfVgiAUCUlJHg6--DDadzrz3dk0UWDcFy4rH5sf3Z_eYbKfNihIlJx6oC34RnIAts3adCufn3raavBkAHyZ_0.oaG8RXO4CT5XRq4qGFsGehoP8r5y8YY11_kG5UDkZj0&dib_tag=se&keywords=monitors&qid=1715684597&sr=8-72
"HP M24f 23.8-Inch(60.45cm) Eye Safe Certified Full HD 1920 x 1080 Pixels IPS 3-Sided Micro-Edge LED Monitor, 75Hz, AMD Free Sync with 1xVGA, 1xHDMI 1.4 Ports, 300 nits Silver","₹11,299",4.3 out of 5 stars,"3,535",https://www.amazon.in/HP-M24f-23-8-Inch-Micro-Edge-Monitor/dp/B09535DPLC/ref=sr_1_73?dib=eyJ2IjoiMSJ9.boQdPKV73a41obkNRMPsXiM3r2mYDq8xKYovp6FIJnK1hX_recqLOWtLk-J-GvrkKfm1VAl17L8OMQLCPk7sh3rabiV7uvnlIf-XlHWq8UkVstlVX7iIUs-HHcv-grhY-heIaBO6zdPYkyJvzqd2Z1BfVgiAUCUlJHg6--DDadzrz3dk0UWDcFy4rH5sf3Z_eYbKfNihIlJx6oC34RnIAts3adCufn3raavBkAHyZ_0.oaG8RXO4CT5XRq4qGFsGehoP8r5y8YY11_kG5UDkZj0&dib_tag=se&keywords=monitors&qid=1715684597&sr=8-73
"Lenovo L-Series 60.45cm (24 inch) FHD IPS Ultraslim Monitor | 100Hz, 99% sRGB, AMD FreeSync, HDMI, Tilt Stand, 2x3W Speakers, Smart Display Customization Artery, Home & Office Use, Cloud Grey, L24i-40","₹9,999",4.4 out of 5 stars,589,https://www.amazon.in/Lenovo-Ultraslim-FreeSync-Speakers-Customization/dp/B0CLCSSN87/ref=sr_1_74?dib=eyJ2IjoiMSJ9.boQdPKV73a41obkNRMPsXiM3r2mYDq8xKYovp6FIJnK1hX_recqLOWtLk-J-GvrkKfm1VAl17L8OMQLCPk7sh3rabiV7uvnlIf-XlHWq8UkVstlVX7iIUs-HHcv-grhY-heIaBO6zdPYkyJvzqd2Z1BfVgiAUCUlJHg6--DDadzrz3dk0UWDcFy4rH5sf3Z_eYbKfNihIlJx6oC34RnIAts3adCufn3raavBkAHyZ_0.oaG8RXO4CT5XRq4qGFsGehoP8r5y8YY11_kG5UDkZj0&dib_tag=se&keywords=monitors&qid=1715684597&sr=8-74
"ZEBRONICS AC32FHD LED Curved 75Hz 80Cm (32"") (81.28 Cm) 1920x1080 Pixels FHD Resolution Monitor with HDMI + VGA Dual Input, Built-in Speaker, Max 250 Nits Brightness, Black","₹10,999",3.8 out of 5 stars,"1,669",https://www.amazon.in/sspa/click?ie=UTF8&spc=MTo2NzQxNDg4MDY3NDQ4MTM0OjE3MTU2ODQ1OTc6c3BfbXRmOjIwMDUyOTcyODU0MTk4OjowOjo&url=%2FZebronics-1920x1080-Resolution-Facility-Brightness%2Fdp%2FB09XK4GCY1%2Fref%3Dsr_1_75_sspa%3Fdib%3DeyJ2IjoiMSJ9.boQdPKV73a41obkNRMPsXiM3r2mYDq8xKYovp6FIJnK1hX_recqLOWtLk-J-GvrkKfm1VAl17L8OMQLCPk7sh3rabiV7uvnlIf-XlHWq8UkVstlVX7iIUs-HHcv-grhY-heIaBO6zdPYkyJvzqd2Z1BfVgiAUCUlJHg6--DDadzrz3dk0UWDcFy4rH5sf3Z_eYbKfNihIlJx6oC34RnIAts3adCufn3raavBkAHyZ_0.oaG8RXO4CT5XRq4qGFsGehoP8r5y8YY11_kG5UDkZj0%26dib_tag%3Dse%26keywords%3Dmonitors%26qid%3D1715684597%26sr%3D8-75-spons%26sp_csd%3Dd2lkZ2V0TmFtZT1zcF9tdGY%26psc%3D1
"ZEBRONICS EA124 LED Monitor with FHD 1920x1080,75Hz Refresh Rate, 16.7M Colors, 16:9 Aspect Ratio, 250 nits Brightness (max), Ultra Slim Bezel, Built-in Speakers, Metal stand, Dual Input","₹6,699",3.8 out of 5 stars,"1,680",https://www.amazon.in/sspa/click?ie=UTF8&spc=MTo2NzQxNDg4MDY3NDQ4MTM0OjE3MTU2ODQ1OTc6c3BfbXRmOjMwMDEwMTgxNTM4MDEzMjo6MDo6&url=%2FZEBRONICS-Monitor-1920x1080-Display-Refresh%2Fdp%2FB0CH81K8XT%2Fref%3Dsr_1_76_sspa%3Fdib%3DeyJ2IjoiMSJ9.boQdPKV73a41obkNRMPsXiM3r2mYDq8xKYovp6FIJnK1hX_recqLOWtLk-J-GvrkKfm1VAl17L8OMQLCPk7sh3rabiV7uvnlIf-XlHWq8UkVstlVX7iIUs-HHcv-grhY-heIaBO6zdPYkyJvzqd2Z1BfVgiAUCUlJHg6--DDadzrz3dk0UWDcFy4rH5sf3Z_eYbKfNihIlJx6oC34RnIAts3adCufn3raavBkAHyZ_0.oaG8RXO4CT5XRq4qGFsGehoP8r5y8YY11_kG5UDkZj0%26dib_tag%3Dse%26keywords%3Dmonitors%26qid%3D1715684597%26sr%3D8-76-spons%26sp_csd%3Dd2lkZ2V0TmFtZT1zcF9tdGY%26psc%3D1
"LG 32"" (80 CM) Ultragear QHD Monitor (2560 X 1440 Pixels), 165 Hz, 1Ms, Nvidia G-Sync Compatible, Freesync Premium, HDR 10, Hdmi, Tilt, Height, Pivot Stand, VA Panel Gaming LCD Monitor, 32GN650 Black","₹26,200",4.4 out of 5 stars,"3,979",https://www.amazon.in/LG-Ultragear-32Gn650-Compatible-Freesync/dp/B09YDJ75SH/ref=sr_1_77?dib=eyJ2IjoiMSJ9.boQdPKV73a41obkNRMPsXiM3r2mYDq8xKYovp6FIJnK1hX_recqLOWtLk-J-GvrkKfm1VAl17L8OMQLCPk7sh3rabiV7uvnlIf-XlHWq8UkVstlVX7iIUs-HHcv-grhY-heIaBO6zdPYkyJvzqd2Z1BfVgiAUCUlJHg6--DDadzrz3dk0UWDcFy4rH5sf3Z_eYbKfNihIlJx6oC34RnIAts3adCufn3raavBkAHyZ_0.oaG8RXO4CT5XRq4qGFsGehoP8r5y8YY11_kG5UDkZj0&dib_tag=se&keywords=monitors&qid=1715684597&sr=8-77
"Samsung 32-Inch(80cm) M5 FHD Smart Monitor, Mouse & Keyboard Control, Smart TV Apps, IOT Hub, Office 365, Apple Airplay, Dex, Speakers, Remote, Bluetooth (LS32CM501EWXXL, White)","₹19,499",4.1 out of 5 stars,"2,954",https://www.amazon.in/Samsung-Keyboard-Speakers-Bluetooth-LS32CM501EWXXL/dp/B0C4YSLFBB/ref=sr_1_78?dib=eyJ2IjoiMSJ9.boQdPKV73a41obkNRMPsXiM3r2mYDq8xKYovp6FIJnK1hX_recqLOWtLk-J-GvrkKfm1VAl17L8OMQLCPk7sh3rabiV7uvnlIf-XlHWq8UkVstlVX7iIUs-HHcv-grhY-heIaBO6zdPYkyJvzqd2Z1BfVgiAUCUlJHg6--DDadzrz3dk0UWDcFy4rH5sf3Z_eYbKfNihIlJx6oC34RnIAts3adCufn3raavBkAHyZ_0.oaG8RXO4CT5XRq4qGFsGehoP8r5y8YY11_kG5UDkZj0&dib_tag=se&keywords=monitors&qid=1715684597&sr=8-78
"LG 32SR50F MyView Smart Monitor (32"", 80cm), FHD IPS Display (1920 x 1080) with webOS, Work & Play Smarter, ThinQ Home Dashboard, AirPlay 2 + Screen Share + Bluetooth, Stylish Design - White","₹19,999",4.4 out of 5 stars,"3,462",https://www.amazon.in/LG-32SR50F-Monitor-Dashboard-Bluetooth/dp/B0CXXCYXVJ/ref=sr_1_79?dib=eyJ2IjoiMSJ9.boQdPKV73a41obkNRMPsXiM3r2mYDq8xKYovp6FIJnK1hX_recqLOWtLk-J-GvrkKfm1VAl17L8OMQLCPk7sh3rabiV7uvnlIf-XlHWq8UkVstlVX7iIUs-HHcv-grhY-heIaBO6zdPYkyJvzqd2Z1BfVgiAUCUlJHg6--DDadzrz3dk0UWDcFy4rH5sf3Z_eYbKfNihIlJx6oC34RnIAts3adCufn3raavBkAHyZ_0.oaG8RXO4CT5XRq4qGFsGehoP8r5y8YY11_kG5UDkZj0&dib_tag=se&keywords=monitors&qid=1715684597&sr=8-79
"LG Electronics 69 Cm/27 Inches LCD 4K-Uhd 3840 X 2160 Pixels HDR 10 Monitor with IPS Panel for Designing,Radeon Freesync,Height/Pivot/Tilt Adjustable Stand,Hdmi X 2,Display Port- 27Ul550 (White)","₹25,499",4.3 out of 5 stars,"3,943",https://www.amazon.in/LG-Monitor-FreeSync-Adjustable-Display/dp/B08K4L9MHM/ref=sr_1_80?dib=eyJ2IjoiMSJ9.boQdPKV73a41obkNRMPsXiM3r2mYDq8xKYovp6FIJnK1hX_recqLOWtLk-J-GvrkKfm1VAl17L8OMQLCPk7sh3rabiV7uvnlIf-XlHWq8UkVstlVX7iIUs-HHcv-grhY-heIaBO6zdPYkyJvzqd2Z1BfVgiAUCUlJHg6--DDadzrz3dk0UWDcFy4rH5sf3Z_eYbKfNihIlJx6oC34RnIAts3adCufn3raavBkAHyZ_0.oaG8RXO4CT5XRq4qGFsGehoP8r5y8YY11_kG5UDkZj0&dib_tag=se&keywords=monitors&qid=1715684597&sr=8-80
"amazon basics 21.5"" Full Hd, Slim LCD Monitor with Led Back Light Technology, Stylish Bezel-Less Design, Wide Angle, in-Built Speakers, Flickerless, Black, Pack of 1","₹5,999",3.9 out of 5 stars,"1,923",https://www.amazon.in/Monitor-Technology-Bezel-Less-Speakers-Flickerless/dp/B0BSWH2JGR/ref=sr_1_81?dib=eyJ2IjoiMSJ9.boQdPKV73a41obkNRMPsXiM3r2mYDq8xKYovp6FIJnK1hX_recqLOWtLk-J-GvrkKfm1VAl17L8OMQLCPk7sh3rabiV7uvnlIf-XlHWq8UkVstlVX7iIUs-HHcv-grhY-heIaBO6zdPYkyJvzqd2Z1BfVgiAUCUlJHg6--DDadzrz3dk0UWDcFy4rH5sf3Z_eYbKfNihIlJx6oC34RnIAts3adCufn3raavBkAHyZ_0.oaG8RXO4CT5XRq4qGFsGehoP8r5y8YY11_kG5UDkZj0&dib_tag=se&keywords=monitors&qid=1715684597&sr=8-81
"Dell SE2722H 27 Inch (68.58 cm) FHD Monitor 1920 X 1080 Pixels @75Hz, VA Panel, 5-Year Warranty, Brightness: 250 cd/m², Contrast Ratio 3000:1, HDMI & VGA, Tilt Adjustment, AMD FreeSync","₹10,133",4.3 out of 5 stars,"1,233",https://www.amazon.in/Dell-SE2722H-VA-Panel-Anti-Glare-Coating-FreeSync/dp/B095745ZC8/ref=sr_1_82?dib=eyJ2IjoiMSJ9.boQdPKV73a41obkNRMPsXiM3r2mYDq8xKYovp6FIJnK1hX_recqLOWtLk-J-GvrkKfm1VAl17L8OMQLCPk7sh3rabiV7uvnlIf-XlHWq8UkVstlVX7iIUs-HHcv-grhY-heIaBO6zdPYkyJvzqd2Z1BfVgiAUCUlJHg6--DDadzrz3dk0UWDcFy4rH5sf3Z_eYbKfNihIlJx6oC34RnIAts3adCufn3raavBkAHyZ_0.oaG8RXO4CT5XRq4qGFsGehoP8r5y8YY11_kG5UDkZj0&dib_tag=se&keywords=monitors&qid=1715684597&sr=8-82
"MSI Pro Mp273Qv 27 Inch Wqhd 2560 X 1440 Professional Business LCD Monitor, 75Hz Refresh Rate, 1Ms (Mprt) / 4Ms (Gtg) Response Time, Dp, Hdmi, Less Blue Light Pro","₹15,499",4.3 out of 5 stars,"1,211",https://www.amazon.in/MSI-PRO-MP273QV-Professional-Business/dp/B0C2H9LXKQ/ref=sr_1_83?dib=eyJ2IjoiMSJ9.boQdPKV73a41obkNRMPsXiM3r2mYDq8xKYovp6FIJnK1hX_recqLOWtLk-J-GvrkKfm1VAl17L8OMQLCPk7sh3rabiV7uvnlIf-XlHWq8UkVstlVX7iIUs-HHcv-grhY-heIaBO6zdPYkyJvzqd2Z1BfVgiAUCUlJHg6--DDadzrz3dk0UWDcFy4rH5sf3Z_eYbKfNihIlJx6oC34RnIAts3adCufn3raavBkAHyZ_0.oaG8RXO4CT5XRq4qGFsGehoP8r5y8YY11_kG5UDkZj0&dib_tag=se&keywords=monitors&qid=1715684597&sr=8-83
"ViewSonic 27 Inch IPS 4K Ultra HD 3840 x 2160 Pixels Monitor HDR10, FreeSync, 10-bit Color Depth, 3-Side Bezel Less,104% sRGB,Tilt, Eye ProTech for Comfort Viewing, 2 x HDMI, Display Port- VA2762-4K","₹21,700",4.0 out of 5 stars,"1,820",https://www.amazon.in/ViewSonic-Monitor-FreeSync-ProTech-VA2762-4K/dp/B0CD7C79C4/ref=sr_1_84?dib=eyJ2IjoiMSJ9.boQdPKV73a41obkNRMPsXiM3r2mYDq8xKYovp6FIJnK1hX_recqLOWtLk-J-GvrkKfm1VAl17L8OMQLCPk7sh3rabiV7uvnlIf-XlHWq8UkVstlVX7iIUs-HHcv-grhY-heIaBO6zdPYkyJvzqd2Z1BfVgiAUCUlJHg6--DDadzrz3dk0UWDcFy4rH5sf3Z_eYbKfNihIlJx6oC34RnIAts3adCufn3raavBkAHyZ_0.oaG8RXO4CT5XRq4qGFsGehoP8r5y8YY11_kG5UDkZj0&dib_tag=se&keywords=monitors&qid=1715684597&sr=8-84
"Philips 276E8VJSB 27""(68.5cm) 3840 x 2160 Pixels 4K UHD IPS LED Computer Monitor, 1 Billion+ Colors, Ultra Narrow Borders, Low Blue, Multi-View, (Black, Gunmetal, 276E8VJSB/94)","₹21,000",4.1 out of 5 stars,77,https://www.amazon.in/sspa/click?ie=UTF8&spc=MTo2NzQxNDg4MDY3NDQ4MTM0OjE3MTU2ODQ1OTc6c3BfYnRmOjMwMDExOTI0NjIwNzYzMjo6MDo6&url=%2FPHILIPS-276E8VJSB-Ultranarrow-Multiview-94%2Fdp%2FB092DDWT5F%2Fref%3Dsr_1_85_sspa%3Fdib%3DeyJ2IjoiMSJ9.boQdPKV73a41obkNRMPsXiM3r2mYDq8xKYovp6FIJnK1hX_recqLOWtLk-J-GvrkKfm1VAl17L8OMQLCPk7sh3rabiV7uvnlIf-XlHWq8UkVstlVX7iIUs-HHcv-grhY-heIaBO6zdPYkyJvzqd2Z1BfVgiAUCUlJHg6--DDadzrz3dk0UWDcFy4rH5sf3Z_eYbKfNihIlJx6oC34RnIAts3adCufn3raavBkAHyZ_0.oaG8RXO4CT5XRq4qGFsGehoP8r5y8YY11_kG5UDkZj0%26dib_tag%3Dse%26keywords%3Dmonitors%26qid%3D1715684597%26sr%3D8-85-spons%26sp_csd%3Dd2lkZ2V0TmFtZT1zcF9idGY%26psc%3D1
"Lenovo Q-Series 24 Inch (60.5Cm) 1920x1080 Pixels FHD IPS Monitor | Height Adjustment, 2X3W Speakers, 75Hz, AMD FreeSync, HDMI, DP, Smart Display Customization, Raven Black","₹11,499",4.4 out of 5 stars,"2,241",https://www.amazon.in/sspa/click?ie=UTF8&spc=MTo2NzQxNDg4MDY3NDQ4MTM0OjE3MTU2ODQ1OTc6c3BfYnRmOjIwMDc5NDU2Mzg1NTk4OjowOjo&url=%2FLenovo-Adjustment-Speakers-Customization-Certified%2Fdp%2FB0B4SVJNRW%2Fref%3Dsr_1_86_sspa%3Fdib%3DeyJ2IjoiMSJ9.boQdPKV73a41obkNRMPsXiM3r2mYDq8xKYovp6FIJnK1hX_recqLOWtLk-J-GvrkKfm1VAl17L8OMQLCPk7sh3rabiV7uvnlIf-XlHWq8UkVstlVX7iIUs-HHcv-grhY-heIaBO6zdPYkyJvzqd2Z1BfVgiAUCUlJHg6--DDadzrz3dk0UWDcFy4rH5sf3Z_eYbKfNihIlJx6oC34RnIAts3adCufn3raavBkAHyZ_0.oaG8RXO4CT5XRq4qGFsGehoP8r5y8YY11_kG5UDkZj0%26dib_tag%3Dse%26keywords%3Dmonitors%26qid%3D1715684597%26sr%3D8-86-spons%26sp_csd%3Dd2lkZ2V0TmFtZT1zcF9idGY%26psc%3D1
"BenQ GW2485TC 24"" 1920x1080 IPS Full HD 75Hz Ultra-Slim Bezel Monitor with Height Adjustment, Eye Care, Brightness Intelligence, Speakers, USB-C (PD 60W), HDMI, DP, Coding Mode, Daisy Chain (Black)","₹14,766",4.1 out of 5 stars,766,https://www.amazon.in/sspa/click?ie=UTF8&spc=MTo1MDA4MDIxNTUyMTY2MTM0OjE3MTU2ODQ1OTk6c3BfYXRmX25leHQ6MjAwMTkyODM0NDg5OTg6OjA6Og&url=%2FBenQ-GW2485TC-Cancellation-Brightness-Intelligence%2Fdp%2FB09K3ZPZW5%2Fref%3Dsr_1_81_sspa%3Fdib%3DeyJ2IjoiMSJ9.QoOYRic1h9ZtXTc0kO48skIx7aDGXqWG9gVp2t28A_80egDMZh_K-YvDEfII9W-LkOXyup5xmRqHWNxxadP1R4eM19c_NWfxgwyPmvV5ivOVVuaOZFdvF9oDEdVZ2muPyvwqSpsgAWOxGi6wQtT9exxF_GJMZc0NeWLEQAqhOi3iIRaUUj7ixejxSZ31q1LViUxoZyoBssswSOyZ9-_5mKLIQ54Ikfn4AyoWlfbf0Pc.DQQUx7Y-xWtE4e9imIa1tIHdpHNRLl_LxA8RnbYKHlk%26dib_tag%3Dse%26keywords%3Dmonitors%26qid%3D1715684599%26sr%3D8-81-spons%26sp_csd%3Dd2lkZ2V0TmFtZT1zcF9hdGZfbmV4dA%26psc%3D1
"carpentray Wooden Computer Long Monitor Stand, Monitor Riser Desk Shelf Desktop Legs Stand TV Laptop Riser with Keyboard Storage Desk (Black Legs)","₹1,799",,M.R.P: ,https://www.amazon.in/sspa/click?ie=UTF8&spc=MTo1MDA4MDIxNTUyMTY2MTM0OjE3MTU2ODQ1OTk6c3BfYXRmX25leHQ6MzAwMTE5MzE0MjkzMTMyOjowOjo&url=%2Fcarpentray-Computer-Monitor-Desktop-Keyboard%2Fdp%2FB0CPC637GN%2Fref%3Dsr_1_82_sspa%3Fdib%3DeyJ2IjoiMSJ9.QoOYRic1h9ZtXTc0kO48skIx7aDGXqWG9gVp2t28A_80egDMZh_K-YvDEfII9W-LkOXyup5xmRqHWNxxadP1R4eM19c_NWfxgwyPmvV5ivOVVuaOZFdvF9oDEdVZ2muPyvwqSpsgAWOxGi6wQtT9exxF_GJMZc0NeWLEQAqhOi3iIRaUUj7ixejxSZ31q1LViUxoZyoBssswSOyZ9-_5mKLIQ54Ikfn4AyoWlfbf0Pc.DQQUx7Y-xWtE4e9imIa1tIHdpHNRLl_LxA8RnbYKHlk%26dib_tag%3Dse%26keywords%3Dmonitors%26qid%3D1715684599%26sr%3D8-82-spons%26sp_csd%3Dd2lkZ2V0TmFtZT1zcF9hdGZfbmV4dA%26psc%3D1
"Samsung 27-Inch(68.58Cm) LCD M5 Fhd Smart Monitor, Mouse & Keyboard Control, Smart Tv Apps, Iot Hub, Office 365, Apple Airplay, Dex, Speakers, Remote, Bluetooth (Ls27Cm500Ewxxl, Black)","₹17,900",4.1 out of 5 stars,"2,954",https://www.amazon.in/Samsung-Keyboard-Speakers-Bluetooth-LS27CM500EWXXL/dp/B0C4YRZ2HX/ref=sr_1_83?dib=eyJ2IjoiMSJ9.QoOYRic1h9ZtXTc0kO48skIx7aDGXqWG9gVp2t28A_80egDMZh_K-YvDEfII9W-LkOXyup5xmRqHWNxxadP1R4eM19c_NWfxgwyPmvV5ivOVVuaOZFdvF9oDEdVZ2muPyvwqSpsgAWOxGi6wQtT9exxF_GJMZc0NeWLEQAqhOi3iIRaUUj7ixejxSZ31q1LViUxoZyoBssswSOyZ9-_5mKLIQ54Ikfn4AyoWlfbf0Pc.DQQUx7Y-xWtE4e9imIa1tIHdpHNRLl_LxA8RnbYKHlk&dib_tag=se&keywords=monitors&qid=1715684599&sr=8-83
"HP M22f 21.5-inches, 54.6 cm, FHD Monitor Eye Safe Certified Full HD IPS 3-Sided Micro-Edge Monitor, 75Hz, AMD Free Sync with 1xVGA, 1xHDMI 1.4 Ports, 300 nits (Silver, 1920 x 1080 Pixels)","₹9,100",4.3 out of 5 stars,"3,535",https://www.amazon.in/HP-M22f-21-5-Inch-Micro-Edge-Monitor/dp/B095381Z51/ref=sr_1_84?dib=eyJ2IjoiMSJ9.QoOYRic1h9ZtXTc0kO48skIx7aDGXqWG9gVp2t28A_80egDMZh_K-YvDEfII9W-LkOXyup5xmRqHWNxxadP1R4eM19c_NWfxgwyPmvV5ivOVVuaOZFdvF9oDEdVZ2muPyvwqSpsgAWOxGi6wQtT9exxF_GJMZc0NeWLEQAqhOi3iIRaUUj7ixejxSZ31q1LViUxoZyoBssswSOyZ9-_5mKLIQ54Ikfn4AyoWlfbf0Pc.DQQUx7Y-xWtE4e9imIa1tIHdpHNRLl_LxA8RnbYKHlk&dib_tag=se&keywords=monitors&qid=1715684599&sr=8-84
Acer SA272E 27 Inch Full HD IPS Ultra Slim (7.2mm Thick) Backlight LED LCD Monitor I Zero Frame I 100Hz Refresh I 1 MS VRB I AMD Free Sync I 1xHDMI 1xVGA I Stereo Speakers I Eye Care I White,"₹11,999",4.3 out of 5 stars,"3,381",https://www.amazon.in/Acer-Backlight-Monitor-Refresh-Speakers/dp/B0CCSLJLKM/ref=sr_1_85?dib=eyJ2IjoiMSJ9.QoOYRic1h9ZtXTc0kO48skIx7aDGXqWG9gVp2t28A_80egDMZh_K-YvDEfII9W-LkOXyup5xmRqHWNxxadP1R4eM19c_NWfxgwyPmvV5ivOVVuaOZFdvF9oDEdVZ2muPyvwqSpsgAWOxGi6wQtT9exxF_GJMZc0NeWLEQAqhOi3iIRaUUj7ixejxSZ31q1LViUxoZyoBssswSOyZ9-_5mKLIQ54Ikfn4AyoWlfbf0Pc.DQQUx7Y-xWtE4e9imIa1tIHdpHNRLl_LxA8RnbYKHlk&dib_tag=se&keywords=monitors&qid=1715684599&sr=8-85
Acer SA242YE 23.8 Inch Full HD IPS Ultra Slim (7.2mm Thick) Backlight LED LCD Monitor I Zero Frame I 100Hz Refresh I 1 MS VRB I AMD Free Sync I 1xHDMI 1xVGA I Stereo Speakers I Eye Care I White,"₹8,999",4.3 out of 5 stars,"3,381",https://www.amazon.in/Acer-SA242YE-Backlight-Monitor-Speakers/dp/B0CCSHZHPJ/ref=sr_1_86?dib=eyJ2IjoiMSJ9.QoOYRic1h9ZtXTc0kO48skIx7aDGXqWG9gVp2t28A_80egDMZh_K-YvDEfII9W-LkOXyup5xmRqHWNxxadP1R4eM19c_NWfxgwyPmvV5ivOVVuaOZFdvF9oDEdVZ2muPyvwqSpsgAWOxGi6wQtT9exxF_GJMZc0NeWLEQAqhOi3iIRaUUj7ixejxSZ31q1LViUxoZyoBssswSOyZ9-_5mKLIQ54Ikfn4AyoWlfbf0Pc.DQQUx7Y-xWtE4e9imIa1tIHdpHNRLl_LxA8RnbYKHlk&dib_tag=se&keywords=monitors&qid=1715684599&sr=8-86
"MSI PRO MP273QP 27 Inch WQHD (2560x1440) 75Hz Refresh Rate, IPS Panel with Eye-Friendly Technology, VESA-Mount Supported, Tilt/Swivel/Height/Pivot Adjustable Monitor, Black","₹16,899",4.3 out of 5 stars,"1,211",https://www.amazon.in/MSI-Eye-Friendly-Technology-VESA-Mount-Adjustable/dp/B09XX1CL9S/ref=sr_1_87?dib=eyJ2IjoiMSJ9.QoOYRic1h9ZtXTc0kO48skIx7aDGXqWG9gVp2t28A_80egDMZh_K-YvDEfII9W-LkOXyup5xmRqHWNxxadP1R4eM19c_NWfxgwyPmvV5ivOVVuaOZFdvF9oDEdVZ2muPyvwqSpsgAWOxGi6wQtT9exxF_GJMZc0NeWLEQAqhOi3iIRaUUj7ixejxSZ31q1LViUxoZyoBssswSOyZ9-_5mKLIQ54Ikfn4AyoWlfbf0Pc.DQQUx7Y-xWtE4e9imIa1tIHdpHNRLl_LxA8RnbYKHlk&dib_tag=se&keywords=monitors&qid=1715684599&sr=8-87
"LG Electronics Ultragear 21:9 Curved Gaming LED Monitor 86.42 Cm (34 Inch),Qhd 3440 X 1440,5Ms,160Hz,AMD Freesync Premium,HDR 10,Srgb 99%,Height Adjust Stand,Dp,Hdmi,Speaker,Headphone Out,34Gp63A","₹35,199",4.3 out of 5 stars,406,https://www.amazon.in/LG-UltraGearTM-21-FreeSyncTM-Headphone/dp/B0C61NNG55/ref=sr_1_88?dib=eyJ2IjoiMSJ9.QoOYRic1h9ZtXTc0kO48skIx7aDGXqWG9gVp2t28A_80egDMZh_K-YvDEfII9W-LkOXyup5xmRqHWNxxadP1R4eM19c_NWfxgwyPmvV5ivOVVuaOZFdvF9oDEdVZ2muPyvwqSpsgAWOxGi6wQtT9exxF_GJMZc0NeWLEQAqhOi3iIRaUUj7ixejxSZ31q1LViUxoZyoBssswSOyZ9-_5mKLIQ54Ikfn4AyoWlfbf0Pc.DQQUx7Y-xWtE4e9imIa1tIHdpHNRLl_LxA8RnbYKHlk&dib_tag=se&keywords=monitors&qid=1715684599&sr=8-88
"FRONTECH 17 Inch HD LED Monitor | Refresh Rate 60 Hz,1028 x 1024 Pixels | Wall Mountable Slim & Stylish Design with 16.7M Colors| HDMI & VGA Ports, Built-in Power Supply (MON-0065,Black)","₹2,469",3.4 out of 5 stars,"1,324",https://www.amazon.in/FRONTECH-Monitor-Refresh-Mountable-MON-0065/dp/B0C5RV97BM/ref=sr_1_89?dib=eyJ2IjoiMSJ9.QoOYRic1h9ZtXTc0kO48skIx7aDGXqWG9gVp2t28A_80egDMZh_K-YvDEfII9W-LkOXyup5xmRqHWNxxadP1R4eM19c_NWfxgwyPmvV5ivOVVuaOZFdvF9oDEdVZ2muPyvwqSpsgAWOxGi6wQtT9exxF_GJMZc0NeWLEQAqhOi3iIRaUUj7ixejxSZ31q1LViUxoZyoBssswSOyZ9-_5mKLIQ54Ikfn4AyoWlfbf0Pc.DQQUx7Y-xWtE4e9imIa1tIHdpHNRLl_LxA8RnbYKHlk&dib_tag=se&keywords=monitors&qid=1715684599&sr=8-89
"Zebronics 24 inch (60.4 cm) LED Monitor with Full HD Display, HDMI and VGA Port, built in Speaker, Slim Bezel, Metal Stand and Wall Mountable - Zeb-A24FHD LED","₹6,740",3.6 out of 5 stars,686,https://www.amazon.in/Zebronics-23-8inch-60-4cm-LED-Monitor/dp/B07S2C5S3V/ref=sr_1_90?dib=eyJ2IjoiMSJ9.QoOYRic1h9ZtXTc0kO48skIx7aDGXqWG9gVp2t28A_80egDMZh_K-YvDEfII9W-LkOXyup5xmRqHWNxxadP1R4eM19c_NWfxgwyPmvV5ivOVVuaOZFdvF9oDEdVZ2muPyvwqSpsgAWOxGi6wQtT9exxF_GJMZc0NeWLEQAqhOi3iIRaUUj7ixejxSZ31q1LViUxoZyoBssswSOyZ9-_5mKLIQ54Ikfn4AyoWlfbf0Pc.DQQUx7Y-xWtE4e9imIa1tIHdpHNRLl_LxA8RnbYKHlk&dib_tag=se&keywords=monitors&qid=1715684599&sr=8-90
"ZEBRONICS A24FHD LED Monitor, 24 inch (60.96cm), 250 nits, 75Hz, Slim Design, FHD, 1080p, Wall Mountable, HDMI, VGA, Ultra Slim Bezel, Metal Stand, Built-in Speakers","₹6,999",3.8 out of 5 stars,"1,680",https://www.amazon.in/sspa/click?ie=UTF8&spc=MTo1MDA4MDIxNTUyMTY2MTM0OjE3MTU2ODQ1OTk6c3BfbXRmOjIwMDcxNTUxMTA5Njk4OjowOjo&url=%2FZEBRONICS-Monitor-60-96cm-Mountable-Speakers%2Fdp%2FB09X3C3JXP%2Fref%3Dsr_1_91_sspa%3Fdib%3DeyJ2IjoiMSJ9.QoOYRic1h9ZtXTc0kO48skIx7aDGXqWG9gVp2t28A_80egDMZh_K-YvDEfII9W-LkOXyup5xmRqHWNxxadP1R4eM19c_NWfxgwyPmvV5ivOVVuaOZFdvF9oDEdVZ2muPyvwqSpsgAWOxGi6wQtT9exxF_GJMZc0NeWLEQAqhOi3iIRaUUj7ixejxSZ31q1LViUxoZyoBssswSOyZ9-_5mKLIQ54Ikfn4AyoWlfbf0Pc.DQQUx7Y-xWtE4e9imIa1tIHdpHNRLl_LxA8RnbYKHlk%26dib_tag%3Dse%26keywords%3Dmonitors%26qid%3D1715684599%26sr%3D8-91-spons%26sp_csd%3Dd2lkZ2V0TmFtZT1zcF9tdGY%26psc%3D1
"Lenovo L-Series 54.48 cm (21.45 inch) FHD Ultraslim Monitor |16.7 Mn Colors, 75Hz, 4ms, AMD FreeSync, HDMI, TUV Eye Comfort & Low Blue Light, Smart Display Customization Artery L22e-40","₹6,899",4.4 out of 5 stars,589,https://www.amazon.in/sspa/click?ie=UTF8&spc=MTo1MDA4MDIxNTUyMTY2MTM0OjE3MTU2ODQ1OTk6c3BfbXRmOjMwMDA3MDAxMTcxNjczMjo6MDo6&url=%2FLenovo-Ultraslim-Monitor-FreeSync-Customization%2Fdp%2FB0C2VPX93F%2Fref%3Dsr_1_92_sspa%3Fdib%3DeyJ2IjoiMSJ9.QoOYRic1h9ZtXTc0kO48skIx7aDGXqWG9gVp2t28A_80egDMZh_K-YvDEfII9W-LkOXyup5xmRqHWNxxadP1R4eM19c_NWfxgwyPmvV5ivOVVuaOZFdvF9oDEdVZ2muPyvwqSpsgAWOxGi6wQtT9exxF_GJMZc0NeWLEQAqhOi3iIRaUUj7ixejxSZ31q1LViUxoZyoBssswSOyZ9-_5mKLIQ54Ikfn4AyoWlfbf0Pc.DQQUx7Y-xWtE4e9imIa1tIHdpHNRLl_LxA8RnbYKHlk%26dib_tag%3Dse%26keywords%3Dmonitors%26qid%3D1715684599%26sr%3D8-92-spons%26sp_csd%3Dd2lkZ2V0TmFtZT1zcF9tdGY%26psc%3D1
"Acer Nitro VG240Y M3 23.8 Inch IPS Full HD Gaming LCD Monitor with LED Backlight I AMD Freesync Premium I 0.5 MS Response, 180 Hz Refresh Rate I 2 x HDMI, 1 x DP I Stereo Speakers I HDR 10 I Black",,4.3 out of 5 stars,"3,042",https://www.amazon.in/Acer-Backlight-Freesync-Response-Speakers/dp/B0CKL5G65P/ref=sr_1_93?dib=eyJ2IjoiMSJ9.QoOYRic1h9ZtXTc0kO48skIx7aDGXqWG9gVp2t28A_80egDMZh_K-YvDEfII9W-LkOXyup5xmRqHWNxxadP1R4eM19c_NWfxgwyPmvV5ivOVVuaOZFdvF9oDEdVZ2muPyvwqSpsgAWOxGi6wQtT9exxF_GJMZc0NeWLEQAqhOi3iIRaUUj7ixejxSZ31q1LViUxoZyoBssswSOyZ9-_5mKLIQ54Ikfn4AyoWlfbf0Pc.DQQUx7Y-xWtE4e9imIa1tIHdpHNRLl_LxA8RnbYKHlk&dib_tag=se&keywords=monitors&qid=1715684599&sr=8-93
"LG Full HD IPS Monitor 80 cm (31.5 Inches), 1920 x 1080, 5ms (GtG), 75Hz, AMD FreeSync™, OnScreen Control, Reader Mode, DP, HDMI, D-Sub, Headphone Out, 32MP60G (Black)","₹13,799",4.0 out of 5 stars,18,https://www.amazon.in/LG-Monitor-FreeSyncTM-OnScreen-Headphone/dp/B0C61DN4XG/ref=sr_1_94?dib=eyJ2IjoiMSJ9.QoOYRic1h9ZtXTc0kO48skIx7aDGXqWG9gVp2t28A_80egDMZh_K-YvDEfII9W-LkOXyup5xmRqHWNxxadP1R4eM19c_NWfxgwyPmvV5ivOVVuaOZFdvF9oDEdVZ2muPyvwqSpsgAWOxGi6wQtT9exxF_GJMZc0NeWLEQAqhOi3iIRaUUj7ixejxSZ31q1LViUxoZyoBssswSOyZ9-_5mKLIQ54Ikfn4AyoWlfbf0Pc.DQQUx7Y-xWtE4e9imIa1tIHdpHNRLl_LxA8RnbYKHlk&dib_tag=se&keywords=monitors&qid=1715684599&sr=8-94
"LG Ultragear Gaming 24 Inch (60.3 Cm) Full HD (1920 x 1080) Pixels LCD Monitor 165Hz, 1ms, Freesync Premium, HDMI x 2, Display Port, HP Out, Reader Mode, VA, Flicker Safe - 24GQ50F (Black)","₹10,000",4.3 out of 5 stars,104,https://www.amazon.in/LG-Ultragear-Freesync-Premium-Display/dp/B0B5V85CDR/ref=sr_1_95?dib=eyJ2IjoiMSJ9.QoOYRic1h9ZtXTc0kO48skIx7aDGXqWG9gVp2t28A_80egDMZh_K-YvDEfII9W-LkOXyup5xmRqHWNxxadP1R4eM19c_NWfxgwyPmvV5ivOVVuaOZFdvF9oDEdVZ2muPyvwqSpsgAWOxGi6wQtT9exxF_GJMZc0NeWLEQAqhOi3iIRaUUj7ixejxSZ31q1LViUxoZyoBssswSOyZ9-_5mKLIQ54Ikfn4AyoWlfbf0Pc.DQQUx7Y-xWtE4e9imIa1tIHdpHNRLl_LxA8RnbYKHlk&dib_tag=se&keywords=monitors&qid=1715684599&sr=8-95
"Samsung 43-inch (107.99cm) M7 4K UHD Smart LED Monitor, Type-C, Smart TV apps, 1 Billion Color, TV Plus, Apple Airplay, Dex, Office 365, BT, IOT, Speakers, Remote (LS43BM700UWXXL, Black)","₹34,799",4.0 out of 5 stars,57,https://www.amazon.in/Samsung-43-inch-107-99cm-Speakers-LS43BM700UW/dp/B09W2D9GRT/ref=sr_1_96?dib=eyJ2IjoiMSJ9.QoOYRic1h9ZtXTc0kO48skIx7aDGXqWG9gVp2t28A_80egDMZh_K-YvDEfII9W-LkOXyup5xmRqHWNxxadP1R4eM19c_NWfxgwyPmvV5ivOVVuaOZFdvF9oDEdVZ2muPyvwqSpsgAWOxGi6wQtT9exxF_GJMZc0NeWLEQAqhOi3iIRaUUj7ixejxSZ31q1LViUxoZyoBssswSOyZ9-_5mKLIQ54Ikfn4AyoWlfbf0Pc.DQQUx7Y-xWtE4e9imIa1tIHdpHNRLl_LxA8RnbYKHlk&dib_tag=se&keywords=monitors&qid=1715684599&sr=8-96
"ViewSonic Omni 27 Inch 180Hz IPS Full Hd 1920X1080 Pixels Gaming Led Monitor,1Ms,Hdr10,Free Sync,104% Srgb,Eye Care,Wall Mount,Tilt,2XHdmi,1XDisplay Port,Wide View Angle- Vx2779-Hd-Pro,Black","₹16,750",4.0 out of 5 stars,"3,140",https://www.amazon.in/ViewSonic-1920X1080-Monitor-1XDisplay-Vx2779-Hd-Pro/dp/B0CNPF69RF/ref=sr_1_97?dib=eyJ2IjoiMSJ9.QoOYRic1h9ZtXTc0kO48skIx7aDGXqWG9gVp2t28A_80egDMZh_K-YvDEfII9W-LkOXyup5xmRqHWNxxadP1R4eM19c_NWfxgwyPmvV5ivOVVuaOZFdvF9oDEdVZ2muPyvwqSpsgAWOxGi6wQtT9exxF_GJMZc0NeWLEQAqhOi3iIRaUUj7ixejxSZ31q1LViUxoZyoBssswSOyZ9-_5mKLIQ54Ikfn4AyoWlfbf0Pc.DQQUx7Y-xWtE4e9imIa1tIHdpHNRLl_LxA8RnbYKHlk&dib_tag=se&keywords=monitors&qid=1715684599&sr=8-97
"FRONTECH 19 Inch High-Performance HD LED Monitor | Refresh Rate 75 Hz, 1440x900 Pixels | Slim & Stylish Design with 250 Nits Brightness | HDMI & VGA Ports, Built-in Power Supply (MON-0001,Black)",,3.4 out of 5 stars,324,https://www.amazon.in/FRONTECH-High-Performance-1440x900-Resolution-Warranty/dp/B0CCW3D585/ref=sr_1_98?dib=eyJ2IjoiMSJ9.QoOYRic1h9ZtXTc0kO48skIx7aDGXqWG9gVp2t28A_80egDMZh_K-YvDEfII9W-LkOXyup5xmRqHWNxxadP1R4eM19c_NWfxgwyPmvV5ivOVVuaOZFdvF9oDEdVZ2muPyvwqSpsgAWOxGi6wQtT9exxF_GJMZc0NeWLEQAqhOi3iIRaUUj7ixejxSZ31q1LViUxoZyoBssswSOyZ9-_5mKLIQ54Ikfn4AyoWlfbf0Pc.DQQUx7Y-xWtE4e9imIa1tIHdpHNRLl_LxA8RnbYKHlk&dib_tag=se&keywords=monitors&qid=1715684599&sr=8-98
"BenQ PD2705U 27"" (68.58 cm) LED 3840 x 2160 Pixels 4K Monitor, UHD, sRGB, Rec.709, HDR10, IPS, AQCOLOR Technology, Color Mode, Darkroom Mode, Animation Mode, CAD/CAM Mode, Dark Grey/Gris Fonce","₹37,600",4.4 out of 5 stars,860,https://www.amazon.in/BenQ-PD2705U-Technology-Factory-Calibrated-Animation/dp/B096B3PBFZ/ref=sr_1_99?dib=eyJ2IjoiMSJ9.QoOYRic1h9ZtXTc0kO48skIx7aDGXqWG9gVp2t28A_80egDMZh_K-YvDEfII9W-LkOXyup5xmRqHWNxxadP1R4eM19c_NWfxgwyPmvV5ivOVVuaOZFdvF9oDEdVZ2muPyvwqSpsgAWOxGi6wQtT9exxF_GJMZc0NeWLEQAqhOi3iIRaUUj7ixejxSZ31q1LViUxoZyoBssswSOyZ9-_5mKLIQ54Ikfn4AyoWlfbf0Pc.DQQUx7Y-xWtE4e9imIa1tIHdpHNRLl_LxA8RnbYKHlk&dib_tag=se&keywords=monitors&qid=1715684599&sr=8-99
"LG 80 cm (31.5 Inches) UHD 4K (3840x2160) Pixels IPS Display Monitor - HDR 10 for Designing, AMD Free sync, DCI-P3 95%, Speaker (5W x 2 | 2.0ch), Flicker Safe, HDMI, DisplayPort - 32UN650-W, Silver",,4.3 out of 5 stars,125,https://www.amazon.in/LG-Inches-3840x2160-Display-Monitor/dp/B0B2JVXN3K/ref=sr_1_100?dib=eyJ2IjoiMSJ9.QoOYRic1h9ZtXTc0kO48skIx7aDGXqWG9gVp2t28A_80egDMZh_K-YvDEfII9W-LkOXyup5xmRqHWNxxadP1R4eM19c_NWfxgwyPmvV5ivOVVuaOZFdvF9oDEdVZ2muPyvwqSpsgAWOxGi6wQtT9exxF_GJMZc0NeWLEQAqhOi3iIRaUUj7ixejxSZ31q1LViUxoZyoBssswSOyZ9-_5mKLIQ54Ikfn4AyoWlfbf0Pc.DQQUx7Y-xWtE4e9imIa1tIHdpHNRLl_LxA8RnbYKHlk&dib_tag=se&keywords=monitors&qid=1715684599&sr=8-100
Acer XZ306CX 29.5 Inch (74.93 Cm) Ultrawide 21:9 1500R Curve 2560 X 1080 Pixels LCD Monitor with LED Backlight I 1 MS VRB I 200 Hz I HDR 400 I DCI-P3 93% I AMD Free Sync I 2XHDMI 1XDP I White,"₹23,999",4.3 out of 5 stars,"3,042",https://www.amazon.in/sspa/click?ie=UTF8&spc=MTo1MDA4MDIxNTUyMTY2MTM0OjE3MTU2ODQ1OTk6c3BfYnRmOjMwMDA5NTUxNDU1MTQzMjo6MDo6&url=%2FAcer-XZ306CX-29-5-Inch-Ultrawide%2Fdp%2FB09RPJL6NL%2Fref%3Dsr_1_101_sspa%3Fdib%3DeyJ2IjoiMSJ9.QoOYRic1h9ZtXTc0kO48skIx7aDGXqWG9gVp2t28A_80egDMZh_K-YvDEfII9W-LkOXyup5xmRqHWNxxadP1R4eM19c_NWfxgwyPmvV5ivOVVuaOZFdvF9oDEdVZ2muPyvwqSpsgAWOxGi6wQtT9exxF_GJMZc0NeWLEQAqhOi3iIRaUUj7ixejxSZ31q1LViUxoZyoBssswSOyZ9-_5mKLIQ54Ikfn4AyoWlfbf0Pc.DQQUx7Y-xWtE4e9imIa1tIHdpHNRLl_LxA8RnbYKHlk%26dib_tag%3Dse%26keywords%3Dmonitors%26qid%3D1715684599%26sr%3D8-101-spons%26sp_csd%3Dd2lkZ2V0TmFtZT1zcF9idGY%26psc%3D1
"Amazon Basics 23.8 inches IPS Monitor with Borderless Design, FHD 1920 x 1080 Pixels, 16.7 M Colors, with inbuilt Speakers, HDMI & DP Port Connectivity (Black)","₹7,299",3.9 out of 5 stars,"1,923",https://www.amazon.in/sspa/click?ie=UTF8&spc=MTo1MDA4MDIxNTUyMTY2MTM0OjE3MTU2ODQ1OTk6c3BfYnRmOjMwMDA0OTExMTMxNzYzMjo6MDo6&url=%2FMonitor-Borderless-inbuilt-Speakers-Connectivity%2Fdp%2FB0BSWGDHD7%2Fref%3Dsr_1_102_sspa%3Fdib%3DeyJ2IjoiMSJ9.QoOYRic1h9ZtXTc0kO48skIx7aDGXqWG9gVp2t28A_80egDMZh_K-YvDEfII9W-LkOXyup5xmRqHWNxxadP1R4eM19c_NWfxgwyPmvV5ivOVVuaOZFdvF9oDEdVZ2muPyvwqSpsgAWOxGi6wQtT9exxF_GJMZc0NeWLEQAqhOi3iIRaUUj7ixejxSZ31q1LViUxoZyoBssswSOyZ9-_5mKLIQ54Ikfn4AyoWlfbf0Pc.DQQUx7Y-xWtE4e9imIa1tIHdpHNRLl_LxA8RnbYKHlk%26dib_tag%3Dse%26keywords%3Dmonitors%26qid%3D1715684599%26sr%3D8-102-spons%26sp_csd%3Dd2lkZ2V0TmFtZT1zcF9idGY%26psc%3D1
Samsung 22Ultra Blue,₹366,,M.R.P: ,https://www.amazon.in/sspa/click?ie=UTF8&spc=MToyNTUwMTI3OTA1MzQ3MTM0OjE3MTU2ODQ2MDE6c3BfYXRmX25leHQ6MzAwMTc4Nzg0NTIyNjMyOjowOjo&url=%2FGeneric-Samsung-22Ultra-Blue%2Fdp%2FB0D3WTLDF2%2Fref%3Dsr_1_97_sspa%3Fdib%3DeyJ2IjoiMSJ9.Vrvd8SHvxWTJpsh4-3bjbHgyMT_rSbgnTQ_Rl7M5TGmY7SboVIkOCFbepF1GeSws04NDH66wdUiHaQr-SlZ60EKOW5wH80bV1QY5T5QUrDYJgYHT-Jl14elXh91Mgth45qXmkSRG7YbhnrseRYk1uN896-diYobVSpCZk1KUq_ERMWOqoHA8YdK5v9olPP1DNO8VoTnzm6bHnaMgz1fElIeOaHbNsja9vzU3mTHRSRY.TOskbGW7QVBwWeDbtRQ03cdEqG74eHVrJhaVSVVabqQ%26dib_tag%3Dse%26keywords%3Dmonitors%26qid%3D1715684601%26sr%3D8-97-spons%26sp_csd%3Dd2lkZ2V0TmFtZT1zcF9hdGZfbmV4dA%26psc%3D1
Samsung s23Ultra Yellow,₹366,,M.R.P: ,https://www.amazon.in/sspa/click?ie=UTF8&spc=MToyNTUwMTI3OTA1MzQ3MTM0OjE3MTU2ODQ2MDE6c3BfYXRmX25leHQ6MzAwMTc4Nzg0NTIyNDMyOjowOjo&url=%2FGeneric-Samsung-s23Ultra-Yellow%2Fdp%2FB0D3WRBFCW%2Fref%3Dsr_1_98_sspa%3Fdib%3DeyJ2IjoiMSJ9.Vrvd8SHvxWTJpsh4-3bjbHgyMT_rSbgnTQ_Rl7M5TGmY7SboVIkOCFbepF1GeSws04NDH66wdUiHaQr-SlZ60EKOW5wH80bV1QY5T5QUrDYJgYHT-Jl14elXh91Mgth45qXmkSRG7YbhnrseRYk1uN896-diYobVSpCZk1KUq_ERMWOqoHA8YdK5v9olPP1DNO8VoTnzm6bHnaMgz1fElIeOaHbNsja9vzU3mTHRSRY.TOskbGW7QVBwWeDbtRQ03cdEqG74eHVrJhaVSVVabqQ%26dib_tag%3Dse%26keywords%3Dmonitors%26qid%3D1715684601%26sr%3D8-98-spons%26sp_csd%3Dd2lkZ2V0TmFtZT1zcF9hdGZfbmV4dA%26psc%3D1
"LG 24 inch (60.45 cm) QHD (2K) 2560x1440 Pixels, IPS-sRGB 99%, Height Adjust, Pivot (2Way), Swivel, Tilt, USB-C (65W PD) Display Port, HDMI, Black Color - 24QP750","₹19,899",4.5 out of 5 stars,328,https://www.amazon.in/LG-2560x1440-Pixels-IPS-sRGB-Display/dp/B0BRQV14YD/ref=sr_1_99?dib=eyJ2IjoiMSJ9.Vrvd8SHvxWTJpsh4-3bjbHgyMT_rSbgnTQ_Rl7M5TGmY7SboVIkOCFbepF1GeSws04NDH66wdUiHaQr-SlZ60EKOW5wH80bV1QY5T5QUrDYJgYHT-Jl14elXh91Mgth45qXmkSRG7YbhnrseRYk1uN896-diYobVSpCZk1KUq_ERMWOqoHA8YdK5v9olPP1DNO8VoTnzm6bHnaMgz1fElIeOaHbNsja9vzU3mTHRSRY.TOskbGW7QVBwWeDbtRQ03cdEqG74eHVrJhaVSVVabqQ&dib_tag=se&keywords=monitors&qid=1715684601&sr=8-99
"BenQ EW2880U 28 Inch/71 cms 3840 x 2160 Pixels Premium HDR IPS 4K Bezel-Less Monitor with Remote Control, AMD Freesync, Premium Sound with TreVolo, 90% DCI-P3, HDMI, DP, USB-C(PD 60W)(Black)","₹29,990",4.3 out of 5 stars,"3,894",https://www.amazon.in/BenQ-EW2880U-Bezel-Less-Brightness-Intelligence/dp/B09K42ZSQC/ref=sr_1_100?dib=eyJ2IjoiMSJ9.Vrvd8SHvxWTJpsh4-3bjbHgyMT_rSbgnTQ_Rl7M5TGmY7SboVIkOCFbepF1GeSws04NDH66wdUiHaQr-SlZ60EKOW5wH80bV1QY5T5QUrDYJgYHT-Jl14elXh91Mgth45qXmkSRG7YbhnrseRYk1uN896-diYobVSpCZk1KUq_ERMWOqoHA8YdK5v9olPP1DNO8VoTnzm6bHnaMgz1fElIeOaHbNsja9vzU3mTHRSRY.TOskbGW7QVBwWeDbtRQ03cdEqG74eHVrJhaVSVVabqQ&dib_tag=se&keywords=monitors&qid=1715684601&sr=8-100
"Acer K202Q 19.5 Inch HD+ 1600 X 900 Pixels LCD Monitor with LED Backlight I 200 Nits Brightness I VGA, HDMI Port with Inbox HDMI Cable I Eye Care Features I Tilt Option I Wall Mount Option I Black","₹5,299",4.0 out of 5 stars,11,https://www.amazon.in/Acer-Monitor-Backlight-Brightness-Features/dp/B0CCSKTFJF/ref=sr_1_101?dib=eyJ2IjoiMSJ9.Vrvd8SHvxWTJpsh4-3bjbHgyMT_rSbgnTQ_Rl7M5TGmY7SboVIkOCFbepF1GeSws04NDH66wdUiHaQr-SlZ60EKOW5wH80bV1QY5T5QUrDYJgYHT-Jl14elXh91Mgth45qXmkSRG7YbhnrseRYk1uN896-diYobVSpCZk1KUq_ERMWOqoHA8YdK5v9olPP1DNO8VoTnzm6bHnaMgz1fElIeOaHbNsja9vzU3mTHRSRY.TOskbGW7QVBwWeDbtRQ03cdEqG74eHVrJhaVSVVabqQ&dib_tag=se&keywords=monitors&qid=1715684601&sr=8-101
"MSI Modern Md271Ul 27 Inch 4K Uhd Professional Productivity Monitor 3840 X 2160 IPS Panel,Eye-Friendly Screen,99% Dci-P3/139% Srgb Colour Gamut-2 X Hdmi 2.0B,Dp 1.2A,USB Type-C(65W Pd) Silver","₹27,999",4.2 out of 5 stars,48,https://www.amazon.in/MSI-Md271Ul-Professional-Productivity-Eye-Friendly/dp/B0BSNM5D7H/ref=sr_1_102?dib=eyJ2IjoiMSJ9.Vrvd8SHvxWTJpsh4-3bjbHgyMT_rSbgnTQ_Rl7M5TGmY7SboVIkOCFbepF1GeSws04NDH66wdUiHaQr-SlZ60EKOW5wH80bV1QY5T5QUrDYJgYHT-Jl14elXh91Mgth45qXmkSRG7YbhnrseRYk1uN896-diYobVSpCZk1KUq_ERMWOqoHA8YdK5v9olPP1DNO8VoTnzm6bHnaMgz1fElIeOaHbNsja9vzU3mTHRSRY.TOskbGW7QVBwWeDbtRQ03cdEqG74eHVrJhaVSVVabqQ&dib_tag=se&keywords=monitors&qid=1715684601&sr=8-102
"LG - 19M38HB, 19 Inch (47cm) 1366 X 768 Pixels, Led HD Ready Monitor, TN Panel with VGA, Hdmi Ports (Black)","₹5,299",4.1 out of 5 stars,"2,826",https://www.amazon.in/LG-inch-46-99-LED-Monitor/dp/B06VX4VQCP/ref=sr_1_103?dib=eyJ2IjoiMSJ9.Vrvd8SHvxWTJpsh4-3bjbHgyMT_rSbgnTQ_Rl7M5TGmY7SboVIkOCFbepF1GeSws04NDH66wdUiHaQr-SlZ60EKOW5wH80bV1QY5T5QUrDYJgYHT-Jl14elXh91Mgth45qXmkSRG7YbhnrseRYk1uN896-diYobVSpCZk1KUq_ERMWOqoHA8YdK5v9olPP1DNO8VoTnzm6bHnaMgz1fElIeOaHbNsja9vzU3mTHRSRY.TOskbGW7QVBwWeDbtRQ03cdEqG74eHVrJhaVSVVabqQ&dib_tag=se&keywords=monitors&qid=1715684601&sr=8-103
"Lenovo Legion-R25f-30 | 25 Inch (63.50cm) FHD 240Hz Gaming Monitor | 0.5ms, AMD FreeSync, 99% sRGB, 90% DCI-P3, Speaker, 2xHDMI 2.1,1xDP| Tilt, Swivel, Pivot, Height Adjust Stand | Black | 67B8GACBIN","₹16,199",4.1 out of 5 stars,7,https://www.amazon.in/Lenovo-Legion-R25f-30-63-50cm-FreeSync-67B8GACBIN/dp/B0CV4CTTY1/ref=sr_1_104?dib=eyJ2IjoiMSJ9.Vrvd8SHvxWTJpsh4-3bjbHgyMT_rSbgnTQ_Rl7M5TGmY7SboVIkOCFbepF1GeSws04NDH66wdUiHaQr-SlZ60EKOW5wH80bV1QY5T5QUrDYJgYHT-Jl14elXh91Mgth45qXmkSRG7YbhnrseRYk1uN896-diYobVSpCZk1KUq_ERMWOqoHA8YdK5v9olPP1DNO8VoTnzm6bHnaMgz1fElIeOaHbNsja9vzU3mTHRSRY.TOskbGW7QVBwWeDbtRQ03cdEqG74eHVrJhaVSVVabqQ&dib_tag=se&keywords=monitors&qid=1715684601&sr=8-104
"LG 87 cm (34 Inches) UltraWide Full HD (2560 x 1080) Pixels Display - HDR 10, AMD Free sync, IPS with sRGB 95%, Multitasking, Flicker Safe, Reader Mode, HDMI, Headphone Out and Gaming Monitor-34WP500","₹23,599",4.3 out of 5 stars,406,https://www.amazon.in/LG-Inches-UltraWide-Full-Display/dp/B0B2JWY3B6/ref=sr_1_105?dib=eyJ2IjoiMSJ9.Vrvd8SHvxWTJpsh4-3bjbHgyMT_rSbgnTQ_Rl7M5TGmY7SboVIkOCFbepF1GeSws04NDH66wdUiHaQr-SlZ60EKOW5wH80bV1QY5T5QUrDYJgYHT-Jl14elXh91Mgth45qXmkSRG7YbhnrseRYk1uN896-diYobVSpCZk1KUq_ERMWOqoHA8YdK5v9olPP1DNO8VoTnzm6bHnaMgz1fElIeOaHbNsja9vzU3mTHRSRY.TOskbGW7QVBwWeDbtRQ03cdEqG74eHVrJhaVSVVabqQ&dib_tag=se&keywords=monitors&qid=1715684601&sr=8-105
"Acer DA320Q 31.5 Inch Smart Full HD VA Panel LCD Monitor with LED Backlight I Streaming TV, Netflix, YouTube I Media Playback I Wireless Mirroring I Bluetooth5.0 I HDR10 I Desktop Mode I Remote","₹11,039",3.4 out of 5 stars,27,https://www.amazon.in/Acer-Backlight-Streaming-Mirroring-Bluetooth5-0/dp/B0C789RC5W/ref=sr_1_106?dib=eyJ2IjoiMSJ9.Vrvd8SHvxWTJpsh4-3bjbHgyMT_rSbgnTQ_Rl7M5TGmY7SboVIkOCFbepF1GeSws04NDH66wdUiHaQr-SlZ60EKOW5wH80bV1QY5T5QUrDYJgYHT-Jl14elXh91Mgth45qXmkSRG7YbhnrseRYk1uN896-diYobVSpCZk1KUq_ERMWOqoHA8YdK5v9olPP1DNO8VoTnzm6bHnaMgz1fElIeOaHbNsja9vzU3mTHRSRY.TOskbGW7QVBwWeDbtRQ03cdEqG74eHVrJhaVSVVabqQ&dib_tag=se&keywords=monitors&qid=1715684601&sr=8-106
"ZEBRONICS A27FHD LED Monitor, 27 inch (68.58cm), 250 nits, 75hz, Slim Design, FHD, 1080p, Wall Mountable, VGA, HDMI, Ultra Slim Bezel, Metal Stand, Built-in Speakers, Widescreen Monitor","₹10,559",3.8 out of 5 stars,"1,680",https://www.amazon.in/sspa/click?ie=UTF8&spc=MToyNTUwMTI3OTA1MzQ3MTM0OjE3MTU2ODQ2MDE6c3BfbXRmOjIwMDU4OTMwNTU2NTk4OjowOjo&url=%2FZEBRONICS-Monitor-Mountable-Speakers-Widescreen%2Fdp%2FB09X7C89YT%2Fref%3Dsr_1_107_sspa%3Fdib%3DeyJ2IjoiMSJ9.Vrvd8SHvxWTJpsh4-3bjbHgyMT_rSbgnTQ_Rl7M5TGmY7SboVIkOCFbepF1GeSws04NDH66wdUiHaQr-SlZ60EKOW5wH80bV1QY5T5QUrDYJgYHT-Jl14elXh91Mgth45qXmkSRG7YbhnrseRYk1uN896-diYobVSpCZk1KUq_ERMWOqoHA8YdK5v9olPP1DNO8VoTnzm6bHnaMgz1fElIeOaHbNsja9vzU3mTHRSRY.TOskbGW7QVBwWeDbtRQ03cdEqG74eHVrJhaVSVVabqQ%26dib_tag%3Dse%26keywords%3Dmonitors%26qid%3D1715684601%26sr%3D8-107-spons%26sp_csd%3Dd2lkZ2V0TmFtZT1zcF9tdGY%26psc%3D1
Acer Ei491Cr 49 Inch (124.46 Cm) Led 1800R Curved Dfhd 3840 X 1080 Pixels Va Monitor I 32:9 Aspect Ratio I AMD Radeon Freesync2 Technology I 144Hz I Vesa Certified Display HDR 400 I Dci-P3 Black,"₹79,999",4.3 out of 5 stars,14,https://www.amazon.in/sspa/click?ie=UTF8&spc=MToyNTUwMTI3OTA1MzQ3MTM0OjE3MTU2ODQ2MDE6c3BfbXRmOjMwMDA5NTUxNDU1MTMzMjo6MDo6&url=%2FAcer-EI491CR-1800R-Curved-Monitor%2Fdp%2FB097T8CR3S%2Fref%3Dsr_1_108_sspa%3Fdib%3DeyJ2IjoiMSJ9.Vrvd8SHvxWTJpsh4-3bjbHgyMT_rSbgnTQ_Rl7M5TGmY7SboVIkOCFbepF1GeSws04NDH66wdUiHaQr-SlZ60EKOW5wH80bV1QY5T5QUrDYJgYHT-Jl14elXh91Mgth45qXmkSRG7YbhnrseRYk1uN896-diYobVSpCZk1KUq_ERMWOqoHA8YdK5v9olPP1DNO8VoTnzm6bHnaMgz1fElIeOaHbNsja9vzU3mTHRSRY.TOskbGW7QVBwWeDbtRQ03cdEqG74eHVrJhaVSVVabqQ%26dib_tag%3Dse%26keywords%3Dmonitors%26qid%3D1715684601%26sr%3D8-108-spons%26sp_csd%3Dd2lkZ2V0TmFtZT1zcF9tdGY%26psc%3D1
"LG Ultragear QHD Nano IPS (27 inches / 68.5 cm) 165 Hz, 180 Hz 1ms, Nvidia G-Sync Compatible, FreeSync Premium, VESA Display HDR 400, HDMI, Gaming Monitor 27GP850 2560 x 1440 Pixels, Black","₹31,999",4.4 out of 5 stars,332,https://www.amazon.in/LG-Ultragear-Compatible-FreeSync-Premium/dp/B09YDHBSKJ/ref=sr_1_109?dib=eyJ2IjoiMSJ9.Vrvd8SHvxWTJpsh4-3bjbHgyMT_rSbgnTQ_Rl7M5TGmY7SboVIkOCFbepF1GeSws04NDH66wdUiHaQr-SlZ60EKOW5wH80bV1QY5T5QUrDYJgYHT-Jl14elXh91Mgth45qXmkSRG7YbhnrseRYk1uN896-diYobVSpCZk1KUq_ERMWOqoHA8YdK5v9olPP1DNO8VoTnzm6bHnaMgz1fElIeOaHbNsja9vzU3mTHRSRY.TOskbGW7QVBwWeDbtRQ03cdEqG74eHVrJhaVSVVabqQ&dib_tag=se&keywords=monitors&qid=1715684601&sr=8-109
"Samsung 27-Inch(68.5Cm) FHD, 1800R Curved 1,920 X 1,080 LCD Monitor, 75Hz, VA Panel, Slim Design, AMD Freesync, Flicker Free, HDMI, Audio Port (LS27C360EAWXXL, Black)","₹11,099",4.2 out of 5 stars,167,https://www.amazon.in/Samsung-27-inch-Monitor-FreeSync-LS27C360EAWXXL/dp/B0BZW5Q9SF/ref=sr_1_110?dib=eyJ2IjoiMSJ9.Vrvd8SHvxWTJpsh4-3bjbHgyMT_rSbgnTQ_Rl7M5TGmY7SboVIkOCFbepF1GeSws04NDH66wdUiHaQr-SlZ60EKOW5wH80bV1QY5T5QUrDYJgYHT-Jl14elXh91Mgth45qXmkSRG7YbhnrseRYk1uN896-diYobVSpCZk1KUq_ERMWOqoHA8YdK5v9olPP1DNO8VoTnzm6bHnaMgz1fElIeOaHbNsja9vzU3mTHRSRY.TOskbGW7QVBwWeDbtRQ03cdEqG74eHVrJhaVSVVabqQ&dib_tag=se&keywords=monitors&qid=1715684601&sr=8-110
"Dell 27"" (68.58cm) QHD Monitor 2560 x 1440 at 60 Hz|IPS Panel|Built-in Devices USB-C Hub|Brightness 350 cd/m²|16.7 Million Colors|Color Gamut 99% sRGB|P2723DE-Black","₹24,900",4.4 out of 5 stars,15,https://www.amazon.in/Dell-68-58cm-Monitor-Brightness-P2723DE-Black/dp/B09TXZX4FX/ref=sr_1_111?dib=eyJ2IjoiMSJ9.Vrvd8SHvxWTJpsh4-3bjbHgyMT_rSbgnTQ_Rl7M5TGmY7SboVIkOCFbepF1GeSws04NDH66wdUiHaQr-SlZ60EKOW5wH80bV1QY5T5QUrDYJgYHT-Jl14elXh91Mgth45qXmkSRG7YbhnrseRYk1uN896-diYobVSpCZk1KUq_ERMWOqoHA8YdK5v9olPP1DNO8VoTnzm6bHnaMgz1fElIeOaHbNsja9vzU3mTHRSRY.TOskbGW7QVBwWeDbtRQ03cdEqG74eHVrJhaVSVVabqQ&dib_tag=se&keywords=monitors&qid=1715684601&sr=8-111
"ARZOPA Portable Monitor 15.6'' FHD 1080P - Ultra-Slim Portable Laptop Monitor with Kickstand - IPS Display for PC, MAC, Phone, Xbox, PS5 - USB C & HDMI Connectivity - A1","₹17,099",4.4 out of 5 stars,"6,101",https://www.amazon.in/ARZOPA-Portable-Monitor-15-6-1080P/dp/B0CRKGCSGF/ref=sr_1_112?dib=eyJ2IjoiMSJ9.Vrvd8SHvxWTJpsh4-3bjbHgyMT_rSbgnTQ_Rl7M5TGmY7SboVIkOCFbepF1GeSws04NDH66wdUiHaQr-SlZ60EKOW5wH80bV1QY5T5QUrDYJgYHT-Jl14elXh91Mgth45qXmkSRG7YbhnrseRYk1uN896-diYobVSpCZk1KUq_ERMWOqoHA8YdK5v9olPP1DNO8VoTnzm6bHnaMgz1fElIeOaHbNsja9vzU3mTHRSRY.TOskbGW7QVBwWeDbtRQ03cdEqG74eHVrJhaVSVVabqQ&dib_tag=se&keywords=monitors&qid=1715684601&sr=8-112
"ZEBRONICS A27FHD LED Monitor, 27 inch (68.58cm), 250 nits, 75hz, Slim Design, FHD, 1080p, Wall Mountable, VGA, HDMI, Ultra Slim Bezel, Metal Stand, Built-in Speakers, Widescreen Monitor","₹10,559",3.8 out of 5 stars,"1,680",https://www.amazon.in/ZEBRONICS-Monitor-Mountable-Speakers-Widescreen/dp/B09X7C89YT/ref=sr_1_113?dib=eyJ2IjoiMSJ9.Vrvd8SHvxWTJpsh4-3bjbHgyMT_rSbgnTQ_Rl7M5TGmY7SboVIkOCFbepF1GeSws04NDH66wdUiHaQr-SlZ60EKOW5wH80bV1QY5T5QUrDYJgYHT-Jl14elXh91Mgth45qXmkSRG7YbhnrseRYk1uN896-diYobVSpCZk1KUq_ERMWOqoHA8YdK5v9olPP1DNO8VoTnzm6bHnaMgz1fElIeOaHbNsja9vzU3mTHRSRY.TOskbGW7QVBwWeDbtRQ03cdEqG74eHVrJhaVSVVabqQ&dib_tag=se&keywords=monitors&qid=1715684601&sr=8-113
"ViewSonic (Originated from USA 24 Inch Full HD IPS White Slim Monitor 100Hz,1ms, AMD Free Sync, 3 Side Bezel Less, Dual Speaker, Wall Mount, Eye-Care, Flicker Free, Srgb105%,HDMI, VGA - VA2432-MH-W","₹9,146",4.1 out of 5 stars,"4,700",https://www.amazon.in/ViewSonic-Originated-Monitor-Eye-Care-Srgb105/dp/B0CV813R28/ref=sr_1_114?dib=eyJ2IjoiMSJ9.Vrvd8SHvxWTJpsh4-3bjbHgyMT_rSbgnTQ_Rl7M5TGmY7SboVIkOCFbepF1GeSws04NDH66wdUiHaQr-SlZ60EKOW5wH80bV1QY5T5QUrDYJgYHT-Jl14elXh91Mgth45qXmkSRG7YbhnrseRYk1uN896-diYobVSpCZk1KUq_ERMWOqoHA8YdK5v9olPP1DNO8VoTnzm6bHnaMgz1fElIeOaHbNsja9vzU3mTHRSRY.TOskbGW7QVBwWeDbtRQ03cdEqG74eHVrJhaVSVVabqQ&dib_tag=se&keywords=monitors&qid=1715684601&sr=8-114
"AOC 27B2H 68.58 cm (27"") LED 1920 x 1080 Pixels Ultra Slim Monitor which is 3 Sided Frameless with IPS Panel HDMI/VGA Port, Full HD, Free Sync, 75Hz Refresh Rate, Adjustable Stand, Flicker Free, Black","₹9,500",4.4 out of 5 stars,55,https://www.amazon.in/AOC-27B2H-Frameless-Adjustable-Mountable/dp/B08CFBD2ZH/ref=sr_1_115?dib=eyJ2IjoiMSJ9.Vrvd8SHvxWTJpsh4-3bjbHgyMT_rSbgnTQ_Rl7M5TGmY7SboVIkOCFbepF1GeSws04NDH66wdUiHaQr-SlZ60EKOW5wH80bV1QY5T5QUrDYJgYHT-Jl14elXh91Mgth45qXmkSRG7YbhnrseRYk1uN896-diYobVSpCZk1KUq_ERMWOqoHA8YdK5v9olPP1DNO8VoTnzm6bHnaMgz1fElIeOaHbNsja9vzU3mTHRSRY.TOskbGW7QVBwWeDbtRQ03cdEqG74eHVrJhaVSVVabqQ&dib_tag=se&keywords=monitors&qid=1715684601&sr=8-115
"Dell 27"" (68.58 cm) Monitor FHD 1920 x 1080 Pixels at 60 Hz, IPS Panel, Anti-Glare, HDMI, VGA, LED Displayport|P2722H-Black","₹15,107",4.6 out of 5 stars,"1,100",https://www.amazon.in/Dell-24-Monitor-Anti-Glare-DisplayPort/dp/B096K7YHPW/ref=sr_1_116?dib=eyJ2IjoiMSJ9.Vrvd8SHvxWTJpsh4-3bjbHgyMT_rSbgnTQ_Rl7M5TGmY7SboVIkOCFbepF1GeSws04NDH66wdUiHaQr-SlZ60EKOW5wH80bV1QY5T5QUrDYJgYHT-Jl14elXh91Mgth45qXmkSRG7YbhnrseRYk1uN896-diYobVSpCZk1KUq_ERMWOqoHA8YdK5v9olPP1DNO8VoTnzm6bHnaMgz1fElIeOaHbNsja9vzU3mTHRSRY.TOskbGW7QVBwWeDbtRQ03cdEqG74eHVrJhaVSVVabqQ&dib_tag=se&keywords=monitors&qid=1715684601&sr=8-116
"amazon basics 21.5"" Full Hd, Slim LCD Monitor with Led Back Light Technology, Stylish Bezel-Less Design, Wide Angle, in-Built Speakers, Flickerless, Black, Pack of 1","₹5,999",3.9 out of 5 stars,"1,923",https://www.amazon.in/sspa/click?ie=UTF8&spc=MToyNTUwMTI3OTA1MzQ3MTM0OjE3MTU2ODQ2MDE6c3BfYnRmOjIwMTY3MDY2MzkwOTk4OjowOjo&url=%2FMonitor-Technology-Bezel-Less-Speakers-Flickerless%2Fdp%2FB0BSWH2JGR%2Fref%3Dsr_1_117_sspa%3Fdib%3DeyJ2IjoiMSJ9.Vrvd8SHvxWTJpsh4-3bjbHgyMT_rSbgnTQ_Rl7M5TGmY7SboVIkOCFbepF1GeSws04NDH66wdUiHaQr-SlZ60EKOW5wH80bV1QY5T5QUrDYJgYHT-Jl14elXh91Mgth45qXmkSRG7YbhnrseRYk1uN896-diYobVSpCZk1KUq_ERMWOqoHA8YdK5v9olPP1DNO8VoTnzm6bHnaMgz1fElIeOaHbNsja9vzU3mTHRSRY.TOskbGW7QVBwWeDbtRQ03cdEqG74eHVrJhaVSVVabqQ%26dib_tag%3Dse%26keywords%3Dmonitors%26qid%3D1715684601%26sr%3D8-117-spons%26sp_csd%3Dd2lkZ2V0TmFtZT1zcF9idGY%26psc%3D1
"carpentray Store 66cm Long Wooden Monitor Stand with Storage Organizer for Desk, Tables, Office, Home, Studio, Study Table | Desktop Ergonomic Monitor Stand Riser 66x20x11cm (Black Legs)","₹2,069",4.5 out of 5 stars,39,https://www.amazon.in/sspa/click?ie=UTF8&spc=MToyNTUwMTI3OTA1MzQ3MTM0OjE3MTU2ODQ2MDE6c3BfYnRmOjMwMDA2NTAzNTk4MTkzMjo6MDo6&url=%2Fcarpentray-Wooden-Monitor-Riser-66x20x11cm%2Fdp%2FB0CCDTBCKN%2Fref%3Dsr_1_118_sspa%3Fdib%3DeyJ2IjoiMSJ9.Vrvd8SHvxWTJpsh4-3bjbHgyMT_rSbgnTQ_Rl7M5TGmY7SboVIkOCFbepF1GeSws04NDH66wdUiHaQr-SlZ60EKOW5wH80bV1QY5T5QUrDYJgYHT-Jl14elXh91Mgth45qXmkSRG7YbhnrseRYk1uN896-diYobVSpCZk1KUq_ERMWOqoHA8YdK5v9olPP1DNO8VoTnzm6bHnaMgz1fElIeOaHbNsja9vzU3mTHRSRY.TOskbGW7QVBwWeDbtRQ03cdEqG74eHVrJhaVSVVabqQ%26dib_tag%3Dse%26keywords%3Dmonitors%26qid%3D1715684601%26sr%3D8-118-spons%26sp_csd%3Dd2lkZ2V0TmFtZT1zcF9idGY%26psc%3D1
