Description                                                                                                                                                                                                      ,Price       ,Rating             ,Review Count             ,URL
"Motorola Edge 40 Neo (Soothing Sea, 128 GB) (8 GB RAM)"                                                                                                                                                         ,"₹23,782"   ,3.9 out of 5 stars ,58                       ,https://www.amazon.in/Motorola-Edge-Neo-Soothing-Sea/dp/B0CK63FY9S/ref=sr_1_1?dib=eyJ2IjoiMSJ9.FlpgRbdNBnM-JRm7zPGgHjIdEnqXEOT7C7iQ1-PAymsEKznh-VRIwHle5hVqylTYJemHu0sgF3KbLC_PMBjrEnSovtXQzy-i2LdL3wlcQxch9xcXwY-GPTouqssyUs3sL5gpWEZFeoJyJKzMt_doa8zs7-9QiQwkhqFUOqNckPgj95i7-HGkQSAsFUjiFCnaHO3GxMT1U5kxJ5R17lyv-pHT0OrJlMqBajt9NQLhSgA.DECafaPKqOqt4pHJEtt1oWmUz5rB3cr6EV3Q6GRrAB4&dib_tag=se&keywords=Motorola+edge+50+fusion&qid=1716021385&sr=8-1
"Motorola Edge 40 Neo (Black Beauty, 128 GB) (8 GB RAM)"                                                                                                                                                         ,"₹23,789"   ,3.9 out of 5 stars ,38                       ,https://www.amazon.in/Motorola-Edge-Neo-Black-Beauty/dp/B0CK62FT32/ref=sr_1_2?dib=eyJ2IjoiMSJ9.FlpgRbdNBnM-JRm7zPGgHjIdEnqXEOT7C7iQ1-PAymsEKznh-VRIwHle5hVqylTYJemHu0sgF3KbLC_PMBjrEnSovtXQzy-i2LdL3wlcQxch9xcXwY-GPTouqssyUs3sL5gpWEZFeoJyJKzMt_doa8zs7-9QiQwkhqFUOqNckPgj95i7-HGkQSAsFUjiFCnaHO3GxMT1U5kxJ5R17lyv-pHT0OrJlMqBajt9NQLhSgA.DECafaPKqOqt4pHJEtt1oWmUz5rB3cr6EV3Q6GRrAB4&dib_tag=se&keywords=Motorola+edge+50+fusion&qid=1716021385&sr=8-2
"Moto Edge 30 Fusion Magenta, 128 GB ROM 8 GB RAM"                                                                                                                                                               ,"₹40,999"   ,                   ,M.R.P:                   ,https://www.amazon.in/Moto-Edge-Fusion-Magenta-128/dp/B0D3YPS923/ref=sr_1_3?dib=eyJ2IjoiMSJ9.FlpgRbdNBnM-JRm7zPGgHjIdEnqXEOT7C7iQ1-PAymsEKznh-VRIwHle5hVqylTYJemHu0sgF3KbLC_PMBjrEnSovtXQzy-i2LdL3wlcQxch9xcXwY-GPTouqssyUs3sL5gpWEZFeoJyJKzMt_doa8zs7-9QiQwkhqFUOqNckPgj95i7-HGkQSAsFUjiFCnaHO3GxMT1U5kxJ5R17lyv-pHT0OrJlMqBajt9NQLhSgA.DECafaPKqOqt4pHJEtt1oWmUz5rB3cr6EV3Q6GRrAB4&dib_tag=se&keywords=Motorola+edge+50+fusion&qid=1716021385&sr=8-3
"Motorola Edge 40 Neo (Caneel Bay, 128 GB) (8 GB RAM)"                                                                                                                                                           ,"₹22,889"   ,3.9 out of 5 stars ,51                       ,https://www.amazon.in/Motorola-Edge-Neo-Caneel-Bay/dp/B0CK5XRQT3/ref=sr_1_4?dib=eyJ2IjoiMSJ9.FlpgRbdNBnM-JRm7zPGgHjIdEnqXEOT7C7iQ1-PAymsEKznh-VRIwHle5hVqylTYJemHu0sgF3KbLC_PMBjrEnSovtXQzy-i2LdL3wlcQxch9xcXwY-GPTouqssyUs3sL5gpWEZFeoJyJKzMt_doa8zs7-9QiQwkhqFUOqNckPgj95i7-HGkQSAsFUjiFCnaHO3GxMT1U5kxJ5R17lyv-pHT0OrJlMqBajt9NQLhSgA.DECafaPKqOqt4pHJEtt1oWmUz5rB3cr6EV3Q6GRrAB4&dib_tag=se&keywords=Motorola+edge+50+fusion&qid=1716021385&sr=8-4
"Motorola Edge 30 Fusion (8GB, 128GB) (Solar Gold)"                                                                                                                                                              ,"₹30,990"   ,3.0 out of 5 stars ,2                        ,https://www.amazon.in/Motorola-Edge-Fusion-128GB-Solar/dp/B0BNL8CKC8/ref=sr_1_5?dib=eyJ2IjoiMSJ9.FlpgRbdNBnM-JRm7zPGgHjIdEnqXEOT7C7iQ1-PAymsEKznh-VRIwHle5hVqylTYJemHu0sgF3KbLC_PMBjrEnSovtXQzy-i2LdL3wlcQxch9xcXwY-GPTouqssyUs3sL5gpWEZFeoJyJKzMt_doa8zs7-9QiQwkhqFUOqNckPgj95i7-HGkQSAsFUjiFCnaHO3GxMT1U5kxJ5R17lyv-pHT0OrJlMqBajt9NQLhSgA.DECafaPKqOqt4pHJEtt1oWmUz5rB3cr6EV3Q6GRrAB4&dib_tag=se&keywords=Motorola+edge+50+fusion&qid=1716021385&sr=8-5
"Motorola G84 5G (Viva Magenta, 12GB RAM, 256GB Storage) | 50MP (OIS) | 16MP Front Camera | Snapdragon 695 Processor | Ultra Premium Vegan Leather Design | Unbelievable 5G Speeds with 14 5G Bands"             ,            ,3.9 out of 5 stars ,103                      ,https://www.amazon.in/Motorola-12GB-256GB-Storage-Magenta/dp/B0CJYDKYRR/ref=sr_1_6?dib=eyJ2IjoiMSJ9.FlpgRbdNBnM-JRm7zPGgHjIdEnqXEOT7C7iQ1-PAymsEKznh-VRIwHle5hVqylTYJemHu0sgF3KbLC_PMBjrEnSovtXQzy-i2LdL3wlcQxch9xcXwY-GPTouqssyUs3sL5gpWEZFeoJyJKzMt_doa8zs7-9QiQwkhqFUOqNckPgj95i7-HGkQSAsFUjiFCnaHO3GxMT1U5kxJ5R17lyv-pHT0OrJlMqBajt9NQLhSgA.DECafaPKqOqt4pHJEtt1oWmUz5rB3cr6EV3Q6GRrAB4&dib_tag=se&keywords=Motorola+edge+50+fusion&qid=1716021385&sr=8-6
"Motorola G64 5G (Mint Green, 12GB RAM, 256GB Storage)"                                                                                                                                                          ,"₹17,999"   ,                   ,M.R.P:                   ,https://www.amazon.in/Motorola-Mint-Green-256GB-Storage/dp/B0D3BHRBZ3/ref=sr_1_7?dib=eyJ2IjoiMSJ9.FlpgRbdNBnM-JRm7zPGgHjIdEnqXEOT7C7iQ1-PAymsEKznh-VRIwHle5hVqylTYJemHu0sgF3KbLC_PMBjrEnSovtXQzy-i2LdL3wlcQxch9xcXwY-GPTouqssyUs3sL5gpWEZFeoJyJKzMt_doa8zs7-9QiQwkhqFUOqNckPgj95i7-HGkQSAsFUjiFCnaHO3GxMT1U5kxJ5R17lyv-pHT0OrJlMqBajt9NQLhSgA.DECafaPKqOqt4pHJEtt1oWmUz5rB3cr6EV3Q6GRrAB4&dib_tag=se&keywords=Motorola+edge+50+fusion&qid=1716021385&sr=8-7
"Motorola Edge 40 Neo 5G (Peach Fuzz, 12GB RAM, 256GB Storage)"                                                                                                                                                  ,"₹25,929"   ,2.5 out of 5 stars ,5                        ,https://www.amazon.in/Motorola-Edge-Peach-256GB-Storage/dp/B0CTH8CVXN/ref=sr_1_8?dib=eyJ2IjoiMSJ9.FlpgRbdNBnM-JRm7zPGgHjIdEnqXEOT7C7iQ1-PAymsEKznh-VRIwHle5hVqylTYJemHu0sgF3KbLC_PMBjrEnSovtXQzy-i2LdL3wlcQxch9xcXwY-GPTouqssyUs3sL5gpWEZFeoJyJKzMt_doa8zs7-9QiQwkhqFUOqNckPgj95i7-HGkQSAsFUjiFCnaHO3GxMT1U5kxJ5R17lyv-pHT0OrJlMqBajt9NQLhSgA.DECafaPKqOqt4pHJEtt1oWmUz5rB3cr6EV3Q6GRrAB4&dib_tag=se&keywords=Motorola+edge+50+fusion&qid=1716021385&sr=8-8
"OnePlus Nord CE 3 5G (Aqua Surge, 8GB RAM, 128GB Storage)"                                                                                                                                                      ,"₹18,999"   ,4.2 out of 5 stars ,"55,832"                 ,https://www.amazon.in/OnePlus-Nord-Surge-128GB-Storage/dp/B0C9QS5G2R/ref=sr_1_9?dib=eyJ2IjoiMSJ9.FlpgRbdNBnM-JRm7zPGgHjIdEnqXEOT7C7iQ1-PAymsEKznh-VRIwHle5hVqylTYJemHu0sgF3KbLC_PMBjrEnSovtXQzy-i2LdL3wlcQxch9xcXwY-GPTouqssyUs3sL5gpWEZFeoJyJKzMt_doa8zs7-9QiQwkhqFUOqNckPgj95i7-HGkQSAsFUjiFCnaHO3GxMT1U5kxJ5R17lyv-pHT0OrJlMqBajt9NQLhSgA.DECafaPKqOqt4pHJEtt1oWmUz5rB3cr6EV3Q6GRrAB4&dib_tag=se&keywords=Motorola+edge+50+fusion&qid=1716021385&sr=8-9
"Oneplus Nord CE4 (Celadon Marble, 8GB RAM, 128GB Storage)"                                                                                                                                                      ,"₹24,999"   ,4.2 out of 5 stars ,881                      ,https://www.amazon.in/Oneplus-Celadon-Marble-128GB-Storage/dp/B0CX58MTNN/ref=sr_1_10?dib=eyJ2IjoiMSJ9.FlpgRbdNBnM-JRm7zPGgHjIdEnqXEOT7C7iQ1-PAymsEKznh-VRIwHle5hVqylTYJemHu0sgF3KbLC_PMBjrEnSovtXQzy-i2LdL3wlcQxch9xcXwY-GPTouqssyUs3sL5gpWEZFeoJyJKzMt_doa8zs7-9QiQwkhqFUOqNckPgj95i7-HGkQSAsFUjiFCnaHO3GxMT1U5kxJ5R17lyv-pHT0OrJlMqBajt9NQLhSgA.DECafaPKqOqt4pHJEtt1oWmUz5rB3cr6EV3Q6GRrAB4&dib_tag=se&keywords=Motorola+edge+50+fusion&qid=1716021385&sr=8-10
"Redmi Note 13 Pro (Coral Purple, 8GB RAM, 128GB Storage) | 1.5K AMOLED | 200MP Hi-Res Camera | Flagship 4nm SD 7s Gen 2 | 67W TurboCharge"                                                                      ,"₹23,999"   ,3.7 out of 5 stars ,46                       ,https://www.amazon.in/sspa/click?ie=UTF8&spc=MToxNjkyODE0ODUzODcyMTM4OjE3MTYwMjEzODU6c3BfbXRmOjMwMDE1Mjc5NzQ2MDMzMjo6MDo6&url=%2FRedmi-Purple-Storage-Flagship-TurboCharge%2Fdp%2FB0CRQG58T8%2Fref%3Dsr_1_11_sspa%3Fdib%3DeyJ2IjoiMSJ9.FlpgRbdNBnM-JRm7zPGgHjIdEnqXEOT7C7iQ1-PAymsEKznh-VRIwHle5hVqylTYJemHu0sgF3KbLC_PMBjrEnSovtXQzy-i2LdL3wlcQxch9xcXwY-GPTouqssyUs3sL5gpWEZFeoJyJKzMt_doa8zs7-9QiQwkhqFUOqNckPgj95i7-HGkQSAsFUjiFCnaHO3GxMT1U5kxJ5R17lyv-pHT0OrJlMqBajt9NQLhSgA.DECafaPKqOqt4pHJEtt1oWmUz5rB3cr6EV3Q6GRrAB4%26dib_tag%3Dse%26keywords%3DMotorola%2Bedge%2B50%2Bfusion%26qid%3D1716021385%26sr%3D8-11-spons%26sp_csd%3Dd2lkZ2V0TmFtZT1zcF9tdGY%26psc%3D1
"Lava O2 (Majestic Purple, 8GB RAM, UFS 2.2 128GB Storage) |AG Glass Back|T616 Octacore Processor|18W Fast Charging|6.5 inch 90Hz Punch Hole Display|50MP AI Dual Camera|Upto 16GB Expandable RAM"               ,"₹7,999"    ,3.8 out of 5 stars ,47                       ,https://www.amazon.in/sspa/click?ie=UTF8&spc=MToxNjkyODE0ODUzODcyMTM4OjE3MTYwMjEzODU6c3BfbXRmOjMwMDE3MzI4OTAwMzAzMjo6MDo6&url=%2FLava-O2-Majestic-Purple-Expandable%2Fdp%2FB0CVKVGZP1%2Fref%3Dsr_1_12_sspa%3Fdib%3DeyJ2IjoiMSJ9.FlpgRbdNBnM-JRm7zPGgHjIdEnqXEOT7C7iQ1-PAymsEKznh-VRIwHle5hVqylTYJemHu0sgF3KbLC_PMBjrEnSovtXQzy-i2LdL3wlcQxch9xcXwY-GPTouqssyUs3sL5gpWEZFeoJyJKzMt_doa8zs7-9QiQwkhqFUOqNckPgj95i7-HGkQSAsFUjiFCnaHO3GxMT1U5kxJ5R17lyv-pHT0OrJlMqBajt9NQLhSgA.DECafaPKqOqt4pHJEtt1oWmUz5rB3cr6EV3Q6GRrAB4%26dib_tag%3Dse%26keywords%3DMotorola%2Bedge%2B50%2Bfusion%26qid%3D1716021385%26sr%3D8-12-spons%26sp_csd%3Dd2lkZ2V0TmFtZT1zcF9tdGY%26psc%3D1
"Motorola Edge 40 Neo 5G (Peach Fuzz, 8GB RAM, 128GB Storage)"                                                                                                                                                   ,"₹22,300"   ,3.7 out of 5 stars ,14                       ,https://www.amazon.in/Motorola-Edge-Peach-128GB-Storage/dp/B0CTGZ2JW8/ref=sr_1_13?dib=eyJ2IjoiMSJ9.FlpgRbdNBnM-JRm7zPGgHjIdEnqXEOT7C7iQ1-PAymsEKznh-VRIwHle5hVqylTYJemHu0sgF3KbLC_PMBjrEnSovtXQzy-i2LdL3wlcQxch9xcXwY-GPTouqssyUs3sL5gpWEZFeoJyJKzMt_doa8zs7-9QiQwkhqFUOqNckPgj95i7-HGkQSAsFUjiFCnaHO3GxMT1U5kxJ5R17lyv-pHT0OrJlMqBajt9NQLhSgA.DECafaPKqOqt4pHJEtt1oWmUz5rB3cr6EV3Q6GRrAB4&dib_tag=se&keywords=Motorola+edge+50+fusion&qid=1716021385&sr=8-13
"Motorola Edge+ (Thunder Grey, 256 GB) (12 GB RAM)"                                                                                                                                                              ,"₹49,999"   ,2.6 out of 5 stars ,57                       ,https://www.amazon.in/Motorola-Edge-Thunder-Grey-256/dp/B08B4VLGKG/ref=sr_1_14?dib=eyJ2IjoiMSJ9.FlpgRbdNBnM-JRm7zPGgHjIdEnqXEOT7C7iQ1-PAymsEKznh-VRIwHle5hVqylTYJemHu0sgF3KbLC_PMBjrEnSovtXQzy-i2LdL3wlcQxch9xcXwY-GPTouqssyUs3sL5gpWEZFeoJyJKzMt_doa8zs7-9QiQwkhqFUOqNckPgj95i7-HGkQSAsFUjiFCnaHO3GxMT1U5kxJ5R17lyv-pHT0OrJlMqBajt9NQLhSgA.DECafaPKqOqt4pHJEtt1oWmUz5rB3cr6EV3Q6GRrAB4&dib_tag=se&keywords=Motorola+edge+50+fusion&qid=1716021385&sr=8-14
"Motorola Edge 30 (8GB, 128GB) (Aurora Green)"                                                                                                                                                                   ,"₹21,999"   ,3.3 out of 5 stars ,18                       ,https://www.amazon.in/Motorola-Edge-128GB-Aurora-Green/dp/B0BNKHK3F2/ref=sr_1_15?dib=eyJ2IjoiMSJ9.FlpgRbdNBnM-JRm7zPGgHjIdEnqXEOT7C7iQ1-PAymsEKznh-VRIwHle5hVqylTYJemHu0sgF3KbLC_PMBjrEnSovtXQzy-i2LdL3wlcQxch9xcXwY-GPTouqssyUs3sL5gpWEZFeoJyJKzMt_doa8zs7-9QiQwkhqFUOqNckPgj95i7-HGkQSAsFUjiFCnaHO3GxMT1U5kxJ5R17lyv-pHT0OrJlMqBajt9NQLhSgA.DECafaPKqOqt4pHJEtt1oWmUz5rB3cr6EV3Q6GRrAB4&dib_tag=se&keywords=Motorola+edge+50+fusion&qid=1716021385&sr=8-15
"Motorola G24 Power (Glacier Blue, 8GB RAM, 128GB Storage)"                                                                                                                                                      ,"₹9,234"    ,4.1 out of 5 stars ,38                       ,https://www.amazon.in/Motorola-Power-Glacier-128GB-Storage/dp/B0CV49HRGW/ref=sr_1_16?dib=eyJ2IjoiMSJ9.FlpgRbdNBnM-JRm7zPGgHjIdEnqXEOT7C7iQ1-PAymsEKznh-VRIwHle5hVqylTYJemHu0sgF3KbLC_PMBjrEnSovtXQzy-i2LdL3wlcQxch9xcXwY-GPTouqssyUs3sL5gpWEZFeoJyJKzMt_doa8zs7-9QiQwkhqFUOqNckPgj95i7-HGkQSAsFUjiFCnaHO3GxMT1U5kxJ5R17lyv-pHT0OrJlMqBajt9NQLhSgA.DECafaPKqOqt4pHJEtt1oWmUz5rB3cr6EV3Q6GRrAB4&dib_tag=se&keywords=Motorola+edge+50+fusion&qid=1716021385&sr=8-16
"Motorola G84 5G (Midnight Blue, 12GB RAM, 256GB Storage) | 50MP (OIS) | 16MP Front Camera | Snapdragon 695 Processor | Ultra Premium Vegan Leather Design | Unbelievable 5G Speeds with 14 5G Bands"            ,"₹19,980"   ,3.9 out of 5 stars ,103                      ,https://www.amazon.in/Motorola-Midnight-Storage-Billion-TurboPower/dp/B0CJ6XJZ3R/ref=sr_1_17?dib=eyJ2IjoiMSJ9.FlpgRbdNBnM-JRm7zPGgHjIdEnqXEOT7C7iQ1-PAymsEKznh-VRIwHle5hVqylTYJemHu0sgF3KbLC_PMBjrEnSovtXQzy-i2LdL3wlcQxch9xcXwY-GPTouqssyUs3sL5gpWEZFeoJyJKzMt_doa8zs7-9QiQwkhqFUOqNckPgj95i7-HGkQSAsFUjiFCnaHO3GxMT1U5kxJ5R17lyv-pHT0OrJlMqBajt9NQLhSgA.DECafaPKqOqt4pHJEtt1oWmUz5rB3cr6EV3Q6GRrAB4&dib_tag=se&keywords=Motorola+edge+50+fusion&qid=1716021385&sr=8-17
"Motorola G64 5G (Ice Lilac, 12GB RAM, 256GB Storage)"                                                                                                                                                           ,"₹17,800"   ,                   ,M.R.P:                   ,https://www.amazon.in/Motorola-Lilac-12GB-256GB-Storage/dp/B0D3BJ3719/ref=sr_1_18?dib=eyJ2IjoiMSJ9.FlpgRbdNBnM-JRm7zPGgHjIdEnqXEOT7C7iQ1-PAymsEKznh-VRIwHle5hVqylTYJemHu0sgF3KbLC_PMBjrEnSovtXQzy-i2LdL3wlcQxch9xcXwY-GPTouqssyUs3sL5gpWEZFeoJyJKzMt_doa8zs7-9QiQwkhqFUOqNckPgj95i7-HGkQSAsFUjiFCnaHO3GxMT1U5kxJ5R17lyv-pHT0OrJlMqBajt9NQLhSgA.DECafaPKqOqt4pHJEtt1oWmUz5rB3cr6EV3Q6GRrAB4&dib_tag=se&keywords=Motorola+edge+50+fusion&qid=1716021385&sr=8-18
"Redmi Note 13 Pro (Midnight Black, 8GB RAM, 128GB Storage) | 1.5K AMOLED | 200MP Hi-Res Camera | Flagship 4nm SD 7s Gen 2 | 67W TurboCharge"                                                                    ,"₹24,999"   ,4.0 out of 5 stars ,50                       ,https://www.amazon.in/sspa/click?ie=UTF8&spc=MTozNjY3MzU1NTYyNjc1MTM4OjE3MTYwMjEzODc6c3BfYXRmX25leHQ6MzAwMTUyNzk3NDYwNDMyOjowOjo&url=%2FRedmi-Note-13-Midnight-TurboCharge%2Fdp%2FB0CRQG5DWS%2Fref%3Dsr_1_17_sspa%3Fdib%3DeyJ2IjoiMSJ9.SKaw07qgXnHx47Xz0PmLtz0PWiwoBF9o2gWHarZxiR3znCWheagb-QdTrX1_N5X_41zJIZ0BHj-ct-YEkTSRRMg2h14QScIkz6tpHA8D8p1e-a_Xt8AvWUL-Xe0vHwz_lwrnkbEtGrZG4BhT5qr5nnOMhTv4I9sgjL2aEC5fwLmNhZd9Qu_ja0hPU9DW--H9TSDPae1bETY-xyrBoIhDaP7FuN8xBCfmKBufxLNerqs.om6M-O_l962cUCF8v8pkT9-Ktl7ZShYiDOQh1pTZ_BU%26dib_tag%3Dse%26keywords%3DMotorola%2Bedge%2B50%2Bfusion%26qid%3D1716021387%26sr%3D8-17-spons%26sp_csd%3Dd2lkZ2V0TmFtZT1zcF9hdGZfbmV4dA%26psc%3D1
"Lava O2 (Imperial Green, 8GB RAM, UFS 2.2 128GB Storage) |AG Glass Back|T616 Octacore Processor|18W Fast Charging|6.5 inch 90Hz Punch Hole Display|50MP AI Dual Camera|Upto 16GB Expandable RAM"                ,"₹7,999"    ,3.8 out of 5 stars ,47                       ,https://www.amazon.in/sspa/click?ie=UTF8&spc=MTozNjY3MzU1NTYyNjc1MTM4OjE3MTYwMjEzODc6c3BfYXRmX25leHQ6MzAwMTczMjg5MDAzMTMyOjowOjo&url=%2FLava-O2-Imperial-Green-Expandable%2Fdp%2FB0CVL7G8GG%2Fref%3Dsr_1_18_sspa%3Fdib%3DeyJ2IjoiMSJ9.SKaw07qgXnHx47Xz0PmLtz0PWiwoBF9o2gWHarZxiR3znCWheagb-QdTrX1_N5X_41zJIZ0BHj-ct-YEkTSRRMg2h14QScIkz6tpHA8D8p1e-a_Xt8AvWUL-Xe0vHwz_lwrnkbEtGrZG4BhT5qr5nnOMhTv4I9sgjL2aEC5fwLmNhZd9Qu_ja0hPU9DW--H9TSDPae1bETY-xyrBoIhDaP7FuN8xBCfmKBufxLNerqs.om6M-O_l962cUCF8v8pkT9-Ktl7ZShYiDOQh1pTZ_BU%26dib_tag%3Dse%26keywords%3DMotorola%2Bedge%2B50%2Bfusion%26qid%3D1716021387%26sr%3D8-18-spons%26sp_csd%3Dd2lkZ2V0TmFtZT1zcF9hdGZfbmV4dA%26psc%3D1
"Motorola g64 5G (Mint Green, 128 GB) (8 GB RAM)"                                                                                                                                                                ,"₹15,638"   ,                   ,50+ bought in past month ,https://www.amazon.in/Motorola-g64-Mint-Green-128/dp/B0D35WCXSQ/ref=sr_1_19?dib=eyJ2IjoiMSJ9.SKaw07qgXnHx47Xz0PmLtz0PWiwoBF9o2gWHarZxiR3znCWheagb-QdTrX1_N5X_41zJIZ0BHj-ct-YEkTSRRMg2h14QScIkz6tpHA8D8p1e-a_Xt8AvWUL-Xe0vHwz_lwrnkbEtGrZG4BhT5qr5nnOMhTv4I9sgjL2aEC5fwLmNhZd9Qu_ja0hPU9DW--H9TSDPae1bETY-xyrBoIhDaP7FuN8xBCfmKBufxLNerqs.om6M-O_l962cUCF8v8pkT9-Ktl7ZShYiDOQh1pTZ_BU&dib_tag=se&keywords=Motorola+edge+50+fusion&qid=1716021387&sr=8-19
"Motorola G64 5G (Ice Lilac, 8GB RAM, 128GB Storage)"                                                                                                                                                            ,"₹15,796"   ,                   ,50+ bought in past month ,https://www.amazon.in/Motorola-G64-Lilac-128GB-Storage/dp/B0D3BKCX5Q/ref=sr_1_20?dib=eyJ2IjoiMSJ9.SKaw07qgXnHx47Xz0PmLtz0PWiwoBF9o2gWHarZxiR3znCWheagb-QdTrX1_N5X_41zJIZ0BHj-ct-YEkTSRRMg2h14QScIkz6tpHA8D8p1e-a_Xt8AvWUL-Xe0vHwz_lwrnkbEtGrZG4BhT5qr5nnOMhTv4I9sgjL2aEC5fwLmNhZd9Qu_ja0hPU9DW--H9TSDPae1bETY-xyrBoIhDaP7FuN8xBCfmKBufxLNerqs.om6M-O_l962cUCF8v8pkT9-Ktl7ZShYiDOQh1pTZ_BU&dib_tag=se&keywords=Motorola+edge+50+fusion&qid=1716021387&sr=8-20
"Motorola Edge 30 Fusion (8GB, 128GB) (Cosmic Grey)"                                                                                                                                                             ,"₹33,990"   ,2.7 out of 5 stars ,7                        ,https://www.amazon.in/Motorola-Edge-Fusion-128GB-Cosmic/dp/B0BPJTGG46/ref=sr_1_21?dib=eyJ2IjoiMSJ9.SKaw07qgXnHx47Xz0PmLtz0PWiwoBF9o2gWHarZxiR3znCWheagb-QdTrX1_N5X_41zJIZ0BHj-ct-YEkTSRRMg2h14QScIkz6tpHA8D8p1e-a_Xt8AvWUL-Xe0vHwz_lwrnkbEtGrZG4BhT5qr5nnOMhTv4I9sgjL2aEC5fwLmNhZd9Qu_ja0hPU9DW--H9TSDPae1bETY-xyrBoIhDaP7FuN8xBCfmKBufxLNerqs.om6M-O_l962cUCF8v8pkT9-Ktl7ZShYiDOQh1pTZ_BU&dib_tag=se&keywords=Motorola+edge+50+fusion&qid=1716021387&sr=8-21
"Motorola G84 5G (Marshmallow Blue, 12GB RAM, 256GB Storage) | 50MP (OIS) | 16MP Front Camera | Snapdragon 695 Processor | Ultra Premium Vegan Leather Design | Unbelievable 5G Speeds with 14 5G Bands"         ,"₹20,499"   ,3.9 out of 5 stars ,103                      ,https://www.amazon.in/Motorola-Marshmallow-Snapdragon-Processor-Unbelievable/dp/B0CJQ76RF2/ref=sr_1_22?dib=eyJ2IjoiMSJ9.SKaw07qgXnHx47Xz0PmLtz0PWiwoBF9o2gWHarZxiR3znCWheagb-QdTrX1_N5X_41zJIZ0BHj-ct-YEkTSRRMg2h14QScIkz6tpHA8D8p1e-a_Xt8AvWUL-Xe0vHwz_lwrnkbEtGrZG4BhT5qr5nnOMhTv4I9sgjL2aEC5fwLmNhZd9Qu_ja0hPU9DW--H9TSDPae1bETY-xyrBoIhDaP7FuN8xBCfmKBufxLNerqs.om6M-O_l962cUCF8v8pkT9-Ktl7ZShYiDOQh1pTZ_BU&dib_tag=se&keywords=Motorola+edge+50+fusion&qid=1716021387&sr=8-22
"Motorola G64 5G (Pearl Blue, 8GB RAM, 128GB Storage)"                                                                                                                                                           ,"₹15,700"   ,                   ,M.R.P:                   ,https://www.amazon.in/Motorola-Pearl-Blue-128GB-Storage/dp/B0D3BKPVSM/ref=sr_1_23?dib=eyJ2IjoiMSJ9.SKaw07qgXnHx47Xz0PmLtz0PWiwoBF9o2gWHarZxiR3znCWheagb-QdTrX1_N5X_41zJIZ0BHj-ct-YEkTSRRMg2h14QScIkz6tpHA8D8p1e-a_Xt8AvWUL-Xe0vHwz_lwrnkbEtGrZG4BhT5qr5nnOMhTv4I9sgjL2aEC5fwLmNhZd9Qu_ja0hPU9DW--H9TSDPae1bETY-xyrBoIhDaP7FuN8xBCfmKBufxLNerqs.om6M-O_l962cUCF8v8pkT9-Ktl7ZShYiDOQh1pTZ_BU&dib_tag=se&keywords=Motorola+edge+50+fusion&qid=1716021387&sr=8-23
"Motorola G34 5G (Ice Blue, 8GB RAM, 128GB Storage)"                                                                                                                                                             ,"₹12,478"   ,3.9 out of 5 stars ,79                       ,https://www.amazon.in/Motorola-G34-Blue-128GB-Storage/dp/B0CSK11CNR/ref=sr_1_24?dib=eyJ2IjoiMSJ9.SKaw07qgXnHx47Xz0PmLtz0PWiwoBF9o2gWHarZxiR3znCWheagb-QdTrX1_N5X_41zJIZ0BHj-ct-YEkTSRRMg2h14QScIkz6tpHA8D8p1e-a_Xt8AvWUL-Xe0vHwz_lwrnkbEtGrZG4BhT5qr5nnOMhTv4I9sgjL2aEC5fwLmNhZd9Qu_ja0hPU9DW--H9TSDPae1bETY-xyrBoIhDaP7FuN8xBCfmKBufxLNerqs.om6M-O_l962cUCF8v8pkT9-Ktl7ZShYiDOQh1pTZ_BU&dib_tag=se&keywords=Motorola+edge+50+fusion&qid=1716021387&sr=8-24
"Redmi Note 13 Pro+ (Fusion Purple, 8GB RAM, 256GB Storage) | World's First Mediatek 7200 Ultra 5G | 200MP Hi-Res Camera | 1.5K Curved AMOLED | 120W HyperCharge"                                                ,"₹30,999"   ,3.7 out of 5 stars ,215                      ,https://www.amazon.in/Redmi-Fusion-Storage-Mediatek-HyperCharge/dp/B0CRQ8Q3QP/ref=sr_1_25?dib=eyJ2IjoiMSJ9.SKaw07qgXnHx47Xz0PmLtz0PWiwoBF9o2gWHarZxiR3znCWheagb-QdTrX1_N5X_41zJIZ0BHj-ct-YEkTSRRMg2h14QScIkz6tpHA8D8p1e-a_Xt8AvWUL-Xe0vHwz_lwrnkbEtGrZG4BhT5qr5nnOMhTv4I9sgjL2aEC5fwLmNhZd9Qu_ja0hPU9DW--H9TSDPae1bETY-xyrBoIhDaP7FuN8xBCfmKBufxLNerqs.om6M-O_l962cUCF8v8pkT9-Ktl7ZShYiDOQh1pTZ_BU&dib_tag=se&keywords=Motorola+edge+50+fusion&qid=1716021387&sr=8-25
"Oneplus Nord CE4 (Celadon Marble, 8GB RAM, 256GB Storage)"                                                                                                                                                      ,"₹26,999"   ,4.2 out of 5 stars ,881                      ,https://www.amazon.in/Oneplus-Celadon-Marble-256GB-Storage/dp/B0CX59SD6C/ref=sr_1_26?dib=eyJ2IjoiMSJ9.SKaw07qgXnHx47Xz0PmLtz0PWiwoBF9o2gWHarZxiR3znCWheagb-QdTrX1_N5X_41zJIZ0BHj-ct-YEkTSRRMg2h14QScIkz6tpHA8D8p1e-a_Xt8AvWUL-Xe0vHwz_lwrnkbEtGrZG4BhT5qr5nnOMhTv4I9sgjL2aEC5fwLmNhZd9Qu_ja0hPU9DW--H9TSDPae1bETY-xyrBoIhDaP7FuN8xBCfmKBufxLNerqs.om6M-O_l962cUCF8v8pkT9-Ktl7ZShYiDOQh1pTZ_BU&dib_tag=se&keywords=Motorola+edge+50+fusion&qid=1716021387&sr=8-26
"Oneplus Nord CE4 (Dark Chrome, 8GB RAM, 128GB Storage)"                                                                                                                                                         ,"₹24,998"   ,4.2 out of 5 stars ,881                      ,https://www.amazon.in/Oneplus-Nord-Chrome-128GB-Storage/dp/B0CX59H5W7/ref=sr_1_27?dib=eyJ2IjoiMSJ9.SKaw07qgXnHx47Xz0PmLtz0PWiwoBF9o2gWHarZxiR3znCWheagb-QdTrX1_N5X_41zJIZ0BHj-ct-YEkTSRRMg2h14QScIkz6tpHA8D8p1e-a_Xt8AvWUL-Xe0vHwz_lwrnkbEtGrZG4BhT5qr5nnOMhTv4I9sgjL2aEC5fwLmNhZd9Qu_ja0hPU9DW--H9TSDPae1bETY-xyrBoIhDaP7FuN8xBCfmKBufxLNerqs.om6M-O_l962cUCF8v8pkT9-Ktl7ZShYiDOQh1pTZ_BU&dib_tag=se&keywords=Motorola+edge+50+fusion&qid=1716021387&sr=8-27
"Motorola g64 5G (Pearl Blue, 256 GB) (12 GB RAM)"                                                                                                                                                               ,"₹17,680"   ,                   ,50+ bought in past month ,https://www.amazon.in/Motorola-g64-Pearl-Blue-256/dp/B0D361JDYX/ref=sr_1_28?dib=eyJ2IjoiMSJ9.SKaw07qgXnHx47Xz0PmLtz0PWiwoBF9o2gWHarZxiR3znCWheagb-QdTrX1_N5X_41zJIZ0BHj-ct-YEkTSRRMg2h14QScIkz6tpHA8D8p1e-a_Xt8AvWUL-Xe0vHwz_lwrnkbEtGrZG4BhT5qr5nnOMhTv4I9sgjL2aEC5fwLmNhZd9Qu_ja0hPU9DW--H9TSDPae1bETY-xyrBoIhDaP7FuN8xBCfmKBufxLNerqs.om6M-O_l962cUCF8v8pkT9-Ktl7ZShYiDOQh1pTZ_BU&dib_tag=se&keywords=Motorola+edge+50+fusion&qid=1716021387&sr=8-28
"Motorola Edge 30 Fusion 5G (Solar Gold, 8GB RAM, 128GB Storage)"                                                                                                                                                ,"₹33,990"   ,                   ,M.R.P:                   ,https://www.amazon.in/Motorola-Fusion-Solar-128GB-Storage/dp/B0CN968L4L/ref=sr_1_29?dib=eyJ2IjoiMSJ9.SKaw07qgXnHx47Xz0PmLtz0PWiwoBF9o2gWHarZxiR3znCWheagb-QdTrX1_N5X_41zJIZ0BHj-ct-YEkTSRRMg2h14QScIkz6tpHA8D8p1e-a_Xt8AvWUL-Xe0vHwz_lwrnkbEtGrZG4BhT5qr5nnOMhTv4I9sgjL2aEC5fwLmNhZd9Qu_ja0hPU9DW--H9TSDPae1bETY-xyrBoIhDaP7FuN8xBCfmKBufxLNerqs.om6M-O_l962cUCF8v8pkT9-Ktl7ZShYiDOQh1pTZ_BU&dib_tag=se&keywords=Motorola+edge+50+fusion&qid=1716021387&sr=8-29
"Motorola G34 5G (Ocean Green, 8GB RAM, 128GB Storage)"                                                                                                                                                          ,"₹12,463"   ,3.8 out of 5 stars ,78                       ,https://www.amazon.in/Motorola-Ocean-Green-128GB-Storage/dp/B0CSK41VQJ/ref=sr_1_30?dib=eyJ2IjoiMSJ9.SKaw07qgXnHx47Xz0PmLtz0PWiwoBF9o2gWHarZxiR3znCWheagb-QdTrX1_N5X_41zJIZ0BHj-ct-YEkTSRRMg2h14QScIkz6tpHA8D8p1e-a_Xt8AvWUL-Xe0vHwz_lwrnkbEtGrZG4BhT5qr5nnOMhTv4I9sgjL2aEC5fwLmNhZd9Qu_ja0hPU9DW--H9TSDPae1bETY-xyrBoIhDaP7FuN8xBCfmKBufxLNerqs.om6M-O_l962cUCF8v8pkT9-Ktl7ZShYiDOQh1pTZ_BU&dib_tag=se&keywords=Motorola+edge+50+fusion&qid=1716021387&sr=8-30
"Motorola G34 5G (Charcoal Black, 8GB RAM, 128GB Storage)"                                                                                                                                                       ,"₹12,217"   ,3.9 out of 5 stars ,49                       ,https://www.amazon.in/Motorola-Charcoal-Black-128GB-Storage/dp/B0CSJZNV4Q/ref=sr_1_31?dib=eyJ2IjoiMSJ9.SKaw07qgXnHx47Xz0PmLtz0PWiwoBF9o2gWHarZxiR3znCWheagb-QdTrX1_N5X_41zJIZ0BHj-ct-YEkTSRRMg2h14QScIkz6tpHA8D8p1e-a_Xt8AvWUL-Xe0vHwz_lwrnkbEtGrZG4BhT5qr5nnOMhTv4I9sgjL2aEC5fwLmNhZd9Qu_ja0hPU9DW--H9TSDPae1bETY-xyrBoIhDaP7FuN8xBCfmKBufxLNerqs.om6M-O_l962cUCF8v8pkT9-Ktl7ZShYiDOQh1pTZ_BU&dib_tag=se&keywords=Motorola+edge+50+fusion&qid=1716021387&sr=8-31
"Motorola Edge 30 (6GB, 128GB) (Aurora Green)"                                                                                                                                                                   ,"₹24,999"   ,3.3 out of 5 stars ,11                       ,https://www.amazon.in/Motorola-Edge-128GB-Aurora-Green/dp/B0BSGLNC8C/ref=sr_1_32?dib=eyJ2IjoiMSJ9.SKaw07qgXnHx47Xz0PmLtz0PWiwoBF9o2gWHarZxiR3znCWheagb-QdTrX1_N5X_41zJIZ0BHj-ct-YEkTSRRMg2h14QScIkz6tpHA8D8p1e-a_Xt8AvWUL-Xe0vHwz_lwrnkbEtGrZG4BhT5qr5nnOMhTv4I9sgjL2aEC5fwLmNhZd9Qu_ja0hPU9DW--H9TSDPae1bETY-xyrBoIhDaP7FuN8xBCfmKBufxLNerqs.om6M-O_l962cUCF8v8pkT9-Ktl7ZShYiDOQh1pTZ_BU&dib_tag=se&keywords=Motorola+edge+50+fusion&qid=1716021387&sr=8-32
"Oneplus Nord CE4 (Dark Chrome, 8GB RAM, 256GB Storage)"                                                                                                                                                         ,"₹26,999"   ,4.2 out of 5 stars ,881                      ,https://www.amazon.in/Oneplus-Nord-Chrome-256GB-Storage/dp/B0CX5BZXLF/ref=sr_1_33?dib=eyJ2IjoiMSJ9.SKaw07qgXnHx47Xz0PmLtz0PWiwoBF9o2gWHarZxiR3znCWheagb-QdTrX1_N5X_41zJIZ0BHj-ct-YEkTSRRMg2h14QScIkz6tpHA8D8p1e-a_Xt8AvWUL-Xe0vHwz_lwrnkbEtGrZG4BhT5qr5nnOMhTv4I9sgjL2aEC5fwLmNhZd9Qu_ja0hPU9DW--H9TSDPae1bETY-xyrBoIhDaP7FuN8xBCfmKBufxLNerqs.om6M-O_l962cUCF8v8pkT9-Ktl7ZShYiDOQh1pTZ_BU&dib_tag=se&keywords=Motorola+edge+50+fusion&qid=1716021387&sr=8-33
"Motorola G54 5G (Midnight Blue, 12GB RAM, 256GB Storage) | MediaTek Dimensity 7020 Processor | 6000mAh Battery with 30W Turbocharging | 50 MP OIS Camera with UltraPixel Technology | 6000 mAh Battery"         ,"₹19,430"   ,4.0 out of 5 stars ,534                      ,https://www.amazon.in/Motorola-Dimensity-Turbocharging-UltraPixel-Technology/dp/B0CJ6WZ8M3/ref=sr_1_34?dib=eyJ2IjoiMSJ9.SKaw07qgXnHx47Xz0PmLtz0PWiwoBF9o2gWHarZxiR3znCWheagb-QdTrX1_N5X_41zJIZ0BHj-ct-YEkTSRRMg2h14QScIkz6tpHA8D8p1e-a_Xt8AvWUL-Xe0vHwz_lwrnkbEtGrZG4BhT5qr5nnOMhTv4I9sgjL2aEC5fwLmNhZd9Qu_ja0hPU9DW--H9TSDPae1bETY-xyrBoIhDaP7FuN8xBCfmKBufxLNerqs.om6M-O_l962cUCF8v8pkT9-Ktl7ZShYiDOQh1pTZ_BU&dib_tag=se&keywords=Motorola+edge+50+fusion&qid=1716021387&sr=8-34
"Redmi Note 13 Pro (Arctic White, 8GB RAM, 128GB Storage) | 1.5K AMOLED | 200MP Hi-Res Camera | Flagship 4nm SD 7s Gen 2 | 67W TurboCharge"                                                                      ,"₹24,999"   ,3.8 out of 5 stars ,75                       ,https://www.amazon.in/sspa/click?ie=UTF8&spc=MTo1NjM3ODQ1NjAwMjQ0MTM4OjE3MTYwMjEzODk6c3BfYXRmX25leHQ6MzAwMTUyNzk3NDYwMjMyOjowOjo&url=%2FRedmi-Arctic-Storage-Flagship-TurboCharge%2Fdp%2FB0CRQFGKXG%2Fref%3Dsr_1_33_sspa%3Fdib%3DeyJ2IjoiMSJ9.jRUoFROuM9MHGBt2SCTRBQgIKVGY3GtSh4YIIX6WchYYs_kzqUB4IXtKT-5KToAbV7u96OjTUmVz90-2eOcBUjlBN-X5vPhj1ZIu3U3IVvq21--qPmwuS4OYKr16lkOErPhz4tPQ24bh1WKfyIFeMJ8RafKeLXmCIkz_e8lzp6mbaBwZ6hk6s_3O5OTRkDHm59GakJS0uke1SbXnKt3IF_xm8OGvdeTPUVa87z8HJio.-PD01tImzKRIXpdEkWuC66YyfSKzR1Uo_wLEIDFp99s%26dib_tag%3Dse%26keywords%3DMotorola%2Bedge%2B50%2Bfusion%26qid%3D1716021389%26sr%3D8-33-spons%26sp_csd%3Dd2lkZ2V0TmFtZT1zcF9hdGZfbmV4dA%26psc%3D1
"Redmi Note 13 Pro (Coral Purple, 8GB RAM, 128GB Storage) | 1.5K AMOLED | 200MP Hi-Res Camera | Flagship 4nm SD 7s Gen 2 | 67W TurboCharge"                                                                      ,"₹23,999"   ,3.7 out of 5 stars ,46                       ,https://www.amazon.in/Redmi-Purple-Storage-Flagship-TurboCharge/dp/B0CRQG58T8/ref=sr_1_34?dib=eyJ2IjoiMSJ9.jRUoFROuM9MHGBt2SCTRBQgIKVGY3GtSh4YIIX6WchYYs_kzqUB4IXtKT-5KToAbV7u96OjTUmVz90-2eOcBUjlBN-X5vPhj1ZIu3U3IVvq21--qPmwuS4OYKr16lkOErPhz4tPQ24bh1WKfyIFeMJ8RafKeLXmCIkz_e8lzp6mbaBwZ6hk6s_3O5OTRkDHm59GakJS0uke1SbXnKt3IF_xm8OGvdeTPUVa87z8HJio.-PD01tImzKRIXpdEkWuC66YyfSKzR1Uo_wLEIDFp99s&dib_tag=se&keywords=Motorola+edge+50+fusion&qid=1716021389&sr=8-34
"(Refurbished) Motorola Edge 20 Fusion (128 GB) (6 GB RAM) (Cyber Teal, New)"                                                                                                                                    ,"₹16,590"   ,3.2 out of 5 stars ,20                       ,https://www.amazon.in/Renewed-Motorola-Edge-Fusion-Cyber/dp/B09P6LSQ4F/ref=sr_1_35?dib=eyJ2IjoiMSJ9.jRUoFROuM9MHGBt2SCTRBQgIKVGY3GtSh4YIIX6WchYYs_kzqUB4IXtKT-5KToAbV7u96OjTUmVz90-2eOcBUjlBN-X5vPhj1ZIu3U3IVvq21--qPmwuS4OYKr16lkOErPhz4tPQ24bh1WKfyIFeMJ8RafKeLXmCIkz_e8lzp6mbaBwZ6hk6s_3O5OTRkDHm59GakJS0uke1SbXnKt3IF_xm8OGvdeTPUVa87z8HJio.-PD01tImzKRIXpdEkWuC66YyfSKzR1Uo_wLEIDFp99s&dib_tag=se&keywords=Motorola+edge+50+fusion&qid=1716021389&sr=8-35
"Motorola G34 5G (Charcol Black, 4GB RAM, 128GB Storage)"                                                                                                                                                        ,"₹11,208"   ,4.2 out of 5 stars ,21                       ,https://www.amazon.in/Motorola-Charcol-Black-128GB-Storage/dp/B0CSK59351/ref=sr_1_36?dib=eyJ2IjoiMSJ9.jRUoFROuM9MHGBt2SCTRBQgIKVGY3GtSh4YIIX6WchYYs_kzqUB4IXtKT-5KToAbV7u96OjTUmVz90-2eOcBUjlBN-X5vPhj1ZIu3U3IVvq21--qPmwuS4OYKr16lkOErPhz4tPQ24bh1WKfyIFeMJ8RafKeLXmCIkz_e8lzp6mbaBwZ6hk6s_3O5OTRkDHm59GakJS0uke1SbXnKt3IF_xm8OGvdeTPUVa87z8HJio.-PD01tImzKRIXpdEkWuC66YyfSKzR1Uo_wLEIDFp99s&dib_tag=se&keywords=Motorola+edge+50+fusion&qid=1716021389&sr=8-36
"Motorola G34 5G (Ocean Green, 4GB RAM, 128GB Storage) | Fastest 5G Processor Snapdragon 695 5G | 50 MP Quad Pixel Camera with Image Auto Enhance | 5000 mAh Battery with 20 W TurboPower Charger"               ,"₹11,277"   ,4.1 out of 5 stars ,30                       ,https://www.amazon.in/Motorola-Storage-Processor-Snapdragon-TurboPower/dp/B0CSK5FW7B/ref=sr_1_37?dib=eyJ2IjoiMSJ9.jRUoFROuM9MHGBt2SCTRBQgIKVGY3GtSh4YIIX6WchYYs_kzqUB4IXtKT-5KToAbV7u96OjTUmVz90-2eOcBUjlBN-X5vPhj1ZIu3U3IVvq21--qPmwuS4OYKr16lkOErPhz4tPQ24bh1WKfyIFeMJ8RafKeLXmCIkz_e8lzp6mbaBwZ6hk6s_3O5OTRkDHm59GakJS0uke1SbXnKt3IF_xm8OGvdeTPUVa87z8HJio.-PD01tImzKRIXpdEkWuC66YyfSKzR1Uo_wLEIDFp99s&dib_tag=se&keywords=Motorola+edge+50+fusion&qid=1716021389&sr=8-37
"Motorola G54 5G (Pearl Blue Blue, 8GB RAM, 128GB Storage) | MediaTek Dimensity 7020 Processor | 6000mAh Battery with 30W Turbocharging | 50 MP OIS Camera with UltraPixel Technology | 6000 mAh Battery"        ,"₹15,290"   ,4.0 out of 5 stars ,534                      ,https://www.amazon.in/Motorola-Dimensity-Turbocharging-UltraPixel-Technology/dp/B0CJV98H4Y/ref=sr_1_38?dib=eyJ2IjoiMSJ9.jRUoFROuM9MHGBt2SCTRBQgIKVGY3GtSh4YIIX6WchYYs_kzqUB4IXtKT-5KToAbV7u96OjTUmVz90-2eOcBUjlBN-X5vPhj1ZIu3U3IVvq21--qPmwuS4OYKr16lkOErPhz4tPQ24bh1WKfyIFeMJ8RafKeLXmCIkz_e8lzp6mbaBwZ6hk6s_3O5OTRkDHm59GakJS0uke1SbXnKt3IF_xm8OGvdeTPUVa87z8HJio.-PD01tImzKRIXpdEkWuC66YyfSKzR1Uo_wLEIDFp99s&dib_tag=se&keywords=Motorola+edge+50+fusion&qid=1716021389&sr=8-38
"Motorola Edge 30 (8GB, 128GB) (Meteor Grey)"                                                                                                                                                                    ,"₹23,690"   ,3.5 out of 5 stars ,27                       ,https://www.amazon.in/Motorola-Edge-128GB-Meteor-Grey/dp/B0BSGPG1LG/ref=sr_1_39?dib=eyJ2IjoiMSJ9.jRUoFROuM9MHGBt2SCTRBQgIKVGY3GtSh4YIIX6WchYYs_kzqUB4IXtKT-5KToAbV7u96OjTUmVz90-2eOcBUjlBN-X5vPhj1ZIu3U3IVvq21--qPmwuS4OYKr16lkOErPhz4tPQ24bh1WKfyIFeMJ8RafKeLXmCIkz_e8lzp6mbaBwZ6hk6s_3O5OTRkDHm59GakJS0uke1SbXnKt3IF_xm8OGvdeTPUVa87z8HJio.-PD01tImzKRIXpdEkWuC66YyfSKzR1Uo_wLEIDFp99s&dib_tag=se&keywords=Motorola+edge+50+fusion&qid=1716021389&sr=8-39
"Oneplus Nord CE 3 5G (Grey Shimmer, 8GB RAM, 128GB Storage)"                                                                                                                                                    ,"₹18,999"   ,4.2 out of 5 stars ,"55,832"                 ,https://www.amazon.in/Oneplus-Nord-Shimmer-128GB-Storage/dp/B0C9QPJY5R/ref=sr_1_40?dib=eyJ2IjoiMSJ9.jRUoFROuM9MHGBt2SCTRBQgIKVGY3GtSh4YIIX6WchYYs_kzqUB4IXtKT-5KToAbV7u96OjTUmVz90-2eOcBUjlBN-X5vPhj1ZIu3U3IVvq21--qPmwuS4OYKr16lkOErPhz4tPQ24bh1WKfyIFeMJ8RafKeLXmCIkz_e8lzp6mbaBwZ6hk6s_3O5OTRkDHm59GakJS0uke1SbXnKt3IF_xm8OGvdeTPUVa87z8HJio.-PD01tImzKRIXpdEkWuC66YyfSKzR1Uo_wLEIDFp99s&dib_tag=se&keywords=Motorola+edge+50+fusion&qid=1716021389&sr=8-40
"(Refurbished) Motorola razr 40 (Vanilla Cream, 8GB RAM, 256GB Storage) | External AMOLED Display | 6.9"" AMOLED 144Hz Display | 64MP Main Camera | Android 13"                                                  ,"₹36,499"   ,                   ,M.R.P.:                  ,https://www.amazon.in/Refurbished-Motorola-Vanilla-Storage-External/dp/B0CV15CFR7/ref=sr_1_41?dib=eyJ2IjoiMSJ9.jRUoFROuM9MHGBt2SCTRBQgIKVGY3GtSh4YIIX6WchYYs_kzqUB4IXtKT-5KToAbV7u96OjTUmVz90-2eOcBUjlBN-X5vPhj1ZIu3U3IVvq21--qPmwuS4OYKr16lkOErPhz4tPQ24bh1WKfyIFeMJ8RafKeLXmCIkz_e8lzp6mbaBwZ6hk6s_3O5OTRkDHm59GakJS0uke1SbXnKt3IF_xm8OGvdeTPUVa87z8HJio.-PD01tImzKRIXpdEkWuC66YyfSKzR1Uo_wLEIDFp99s&dib_tag=se&keywords=Motorola+edge+50+fusion&qid=1716021389&sr=8-41
"(Refurbished) Motorola Edge 40 5G (Nebula Green, 8GB RAM, 256GB Storage)"                                                                                                                                       ,"₹24,999"   ,2.9 out of 5 stars ,5                        ,https://www.amazon.in/Refurbished-Motorola-Nebula-Green-Storage/dp/B0CDLX1FXP/ref=sr_1_42?dib=eyJ2IjoiMSJ9.jRUoFROuM9MHGBt2SCTRBQgIKVGY3GtSh4YIIX6WchYYs_kzqUB4IXtKT-5KToAbV7u96OjTUmVz90-2eOcBUjlBN-X5vPhj1ZIu3U3IVvq21--qPmwuS4OYKr16lkOErPhz4tPQ24bh1WKfyIFeMJ8RafKeLXmCIkz_e8lzp6mbaBwZ6hk6s_3O5OTRkDHm59GakJS0uke1SbXnKt3IF_xm8OGvdeTPUVa87z8HJio.-PD01tImzKRIXpdEkWuC66YyfSKzR1Uo_wLEIDFp99s&dib_tag=se&keywords=Motorola+edge+50+fusion&qid=1716021389&sr=8-42
"Redmi Note 13 Pro (Midnight Black, 8GB RAM, 128GB Storage) | 1.5K AMOLED | 200MP Hi-Res Camera | Flagship 4nm SD 7s Gen 2 | 67W TurboCharge"                                                                    ,"₹24,999"   ,4.0 out of 5 stars ,50                       ,https://www.amazon.in/Redmi-Note-13-Midnight-TurboCharge/dp/B0CRQG5DWS/ref=sr_1_43?dib=eyJ2IjoiMSJ9.jRUoFROuM9MHGBt2SCTRBQgIKVGY3GtSh4YIIX6WchYYs_kzqUB4IXtKT-5KToAbV7u96OjTUmVz90-2eOcBUjlBN-X5vPhj1ZIu3U3IVvq21--qPmwuS4OYKr16lkOErPhz4tPQ24bh1WKfyIFeMJ8RafKeLXmCIkz_e8lzp6mbaBwZ6hk6s_3O5OTRkDHm59GakJS0uke1SbXnKt3IF_xm8OGvdeTPUVa87z8HJio.-PD01tImzKRIXpdEkWuC66YyfSKzR1Uo_wLEIDFp99s&dib_tag=se&keywords=Motorola+edge+50+fusion&qid=1716021389&sr=8-43
"Motorola razr 40 Ultra (Infinite Black, 8GB RAM, 256GB Storage) | 3.6"" External AMOLED Display | 6.9"" AMOLED 165Hz Display | 32MP Selfie Camera |30W TurboPower Charging | Android 13"                        ,"₹69,999"   ,3.8 out of 5 stars ,325                      ,https://www.amazon.in/Motorola-Infinite-External-TurboPower-Charging/dp/B0C6QTYTZF/ref=sr_1_44?dib=eyJ2IjoiMSJ9.jRUoFROuM9MHGBt2SCTRBQgIKVGY3GtSh4YIIX6WchYYs_kzqUB4IXtKT-5KToAbV7u96OjTUmVz90-2eOcBUjlBN-X5vPhj1ZIu3U3IVvq21--qPmwuS4OYKr16lkOErPhz4tPQ24bh1WKfyIFeMJ8RafKeLXmCIkz_e8lzp6mbaBwZ6hk6s_3O5OTRkDHm59GakJS0uke1SbXnKt3IF_xm8OGvdeTPUVa87z8HJio.-PD01tImzKRIXpdEkWuC66YyfSKzR1Uo_wLEIDFp99s&dib_tag=se&keywords=Motorola+edge+50+fusion&qid=1716021389&sr=8-44
"(Refurbished) MOTOROLA G40 Fusion (Dynamic Gray, 64 GB) (4 GB RAM)"                                                                                                                                             ,"₹8,995"    ,3.5 out of 5 stars ,28                       ,https://www.amazon.in/Renewed-MOTOROLA-Fusion-Dynamic-Gray/dp/B09FPZQ117/ref=sr_1_45?dib=eyJ2IjoiMSJ9.jRUoFROuM9MHGBt2SCTRBQgIKVGY3GtSh4YIIX6WchYYs_kzqUB4IXtKT-5KToAbV7u96OjTUmVz90-2eOcBUjlBN-X5vPhj1ZIu3U3IVvq21--qPmwuS4OYKr16lkOErPhz4tPQ24bh1WKfyIFeMJ8RafKeLXmCIkz_e8lzp6mbaBwZ6hk6s_3O5OTRkDHm59GakJS0uke1SbXnKt3IF_xm8OGvdeTPUVa87z8HJio.-PD01tImzKRIXpdEkWuC66YyfSKzR1Uo_wLEIDFp99s&dib_tag=se&keywords=Motorola+edge+50+fusion&qid=1716021389&sr=8-45
"Lava O2 (Majestic Purple, 8GB RAM, UFS 2.2 128GB Storage) |AG Glass Back|T616 Octacore Processor|18W Fast Charging|6.5 inch 90Hz Punch Hole Display|50MP AI Dual Camera|Upto 16GB Expandable RAM"               ,"₹7,999"    ,3.8 out of 5 stars ,47                       ,https://www.amazon.in/Lava-O2-Majestic-Purple-Expandable/dp/B0CVKVGZP1/ref=sr_1_46?dib=eyJ2IjoiMSJ9.jRUoFROuM9MHGBt2SCTRBQgIKVGY3GtSh4YIIX6WchYYs_kzqUB4IXtKT-5KToAbV7u96OjTUmVz90-2eOcBUjlBN-X5vPhj1ZIu3U3IVvq21--qPmwuS4OYKr16lkOErPhz4tPQ24bh1WKfyIFeMJ8RafKeLXmCIkz_e8lzp6mbaBwZ6hk6s_3O5OTRkDHm59GakJS0uke1SbXnKt3IF_xm8OGvdeTPUVa87z8HJio.-PD01tImzKRIXpdEkWuC66YyfSKzR1Uo_wLEIDFp99s&dib_tag=se&keywords=Motorola+edge+50+fusion&qid=1716021389&sr=8-46
"Motorola razr 40 Ultra (Peach Fuzz, 8GB RAM, 256GB Storage) | 3.6"" External AMOLED Display | 6.9"" AMOLED 165Hz Display | 32MP Selfie Camera |30W TurboPower Charging | Android 13"                            ,"₹69,999"   ,3.8 out of 5 stars ,325                      ,https://www.amazon.in/Motorola-Storage-External-TurboPower-Charging/dp/B0CQ2C1L58/ref=sr_1_47?dib=eyJ2IjoiMSJ9.jRUoFROuM9MHGBt2SCTRBQgIKVGY3GtSh4YIIX6WchYYs_kzqUB4IXtKT-5KToAbV7u96OjTUmVz90-2eOcBUjlBN-X5vPhj1ZIu3U3IVvq21--qPmwuS4OYKr16lkOErPhz4tPQ24bh1WKfyIFeMJ8RafKeLXmCIkz_e8lzp6mbaBwZ6hk6s_3O5OTRkDHm59GakJS0uke1SbXnKt3IF_xm8OGvdeTPUVa87z8HJio.-PD01tImzKRIXpdEkWuC66YyfSKzR1Uo_wLEIDFp99s&dib_tag=se&keywords=Motorola+edge+50+fusion&qid=1716021389&sr=8-47
"Motorola razr 40 (Sage Green, 8GB RAM, 256GB Storage) | External AMOLED Display | 6.9"" AMOLED 144Hz Display | 64MP Main Camera | Android 13"                                                                   ,"₹44,999"   ,3.6 out of 5 stars ,440                      ,https://www.amazon.in/Motorola-Storage-External-Display-Android/dp/B0C7QGVVW4/ref=sr_1_48?dib=eyJ2IjoiMSJ9.jRUoFROuM9MHGBt2SCTRBQgIKVGY3GtSh4YIIX6WchYYs_kzqUB4IXtKT-5KToAbV7u96OjTUmVz90-2eOcBUjlBN-X5vPhj1ZIu3U3IVvq21--qPmwuS4OYKr16lkOErPhz4tPQ24bh1WKfyIFeMJ8RafKeLXmCIkz_e8lzp6mbaBwZ6hk6s_3O5OTRkDHm59GakJS0uke1SbXnKt3IF_xm8OGvdeTPUVa87z8HJio.-PD01tImzKRIXpdEkWuC66YyfSKzR1Uo_wLEIDFp99s&dib_tag=se&keywords=Motorola+edge+50+fusion&qid=1716021389&sr=8-48
"Motorola G54 5G (Mint Green, 8GB RAM, 128GB Storage) | MediaTek Dimensity 7020 | 6000mAh Battery with 30W Turbocharging | 50 MP OIS Camera with UltraPixel Technology | IP52 Water-Repellent Design"            ,            ,4.0 out of 5 stars ,534                      ,https://www.amazon.in/Motorola-Turbocharging-UltraPixel-Technology-Water-Repellent/dp/B0CKLRV6X9/ref=sr_1_49?dib=eyJ2IjoiMSJ9.jRUoFROuM9MHGBt2SCTRBQgIKVGY3GtSh4YIIX6WchYYs_kzqUB4IXtKT-5KToAbV7u96OjTUmVz90-2eOcBUjlBN-X5vPhj1ZIu3U3IVvq21--qPmwuS4OYKr16lkOErPhz4tPQ24bh1WKfyIFeMJ8RafKeLXmCIkz_e8lzp6mbaBwZ6hk6s_3O5OTRkDHm59GakJS0uke1SbXnKt3IF_xm8OGvdeTPUVa87z8HJio.-PD01tImzKRIXpdEkWuC66YyfSKzR1Uo_wLEIDFp99s&dib_tag=se&keywords=Motorola+edge+50+fusion&qid=1716021389&sr=8-49
"Redmi Note 13 Pro+ (Fusion White, 8GB RAM, 256GB Storage) | World's First Mediatek 7200 Ultra 5G | 200MP Hi-Res Camera | 1.5K Curved AMOLED | 120W HyperCharge"                                                 ,"₹30,999"   ,3.7 out of 5 stars ,215                      ,https://www.amazon.in/Redmi-Fusion-Storage-Mediatek-HyperCharge/dp/B0CRQ838Z9/ref=sr_1_49?dib=eyJ2IjoiMSJ9.wZm6mUJ9p7HYGX6bysLOvPHk4oPAwokPiZxP9TKjvSRWUuN7zoZ3IPfI3IFrjmhleJ6OFEf9pH7nKkCbqYGbhf-PrO1vApHikhgRiDth6ONEvJsmJ5HcY7toPDNP9-AInqt1S2zn6syf17Ic6qch-PfikWd0QzcXFubMKsqEiub9dSjWL45HuohPQB398JJXfIXlXOOS6ahmmAMUbUG9E-y2G6e8IN_91h3JGwr6gqU.9qfWWqmhbXRHjOg5zzahOlAiQpXdNQjYUudxoHJ4ok4&dib_tag=se&keywords=Motorola+edge+50+fusion&qid=1716021391&sr=8-49
"Motorola G24 Power 4G (8GB RAM, 128GB Storage, Ink Blue)"                                                                                                                                                       ,"₹8,989"    ,3.8 out of 5 stars ,53                       ,https://www.amazon.in/Motorola-Power-128GB-Storage-Blue/dp/B0CV48QSRV/ref=sr_1_50?dib=eyJ2IjoiMSJ9.wZm6mUJ9p7HYGX6bysLOvPHk4oPAwokPiZxP9TKjvSRWUuN7zoZ3IPfI3IFrjmhleJ6OFEf9pH7nKkCbqYGbhf-PrO1vApHikhgRiDth6ONEvJsmJ5HcY7toPDNP9-AInqt1S2zn6syf17Ic6qch-PfikWd0QzcXFubMKsqEiub9dSjWL45HuohPQB398JJXfIXlXOOS6ahmmAMUbUG9E-y2G6e8IN_91h3JGwr6gqU.9qfWWqmhbXRHjOg5zzahOlAiQpXdNQjYUudxoHJ4ok4&dib_tag=se&keywords=Motorola+edge+50+fusion&qid=1716021391&sr=8-50
"MOTOROLA G60 (Dynamic Gray, 6GB RAM, 128GB Storage)"                                                                                                                                                            ,            ,3.8 out of 5 stars ,"1,148"                  ,https://www.amazon.in/MOTOROLA-Dynamic-Gray-128GB-Storage/dp/B098QND1DV/ref=sr_1_51?dib=eyJ2IjoiMSJ9.wZm6mUJ9p7HYGX6bysLOvPHk4oPAwokPiZxP9TKjvSRWUuN7zoZ3IPfI3IFrjmhleJ6OFEf9pH7nKkCbqYGbhf-PrO1vApHikhgRiDth6ONEvJsmJ5HcY7toPDNP9-AInqt1S2zn6syf17Ic6qch-PfikWd0QzcXFubMKsqEiub9dSjWL45HuohPQB398JJXfIXlXOOS6ahmmAMUbUG9E-y2G6e8IN_91h3JGwr6gqU.9qfWWqmhbXRHjOg5zzahOlAiQpXdNQjYUudxoHJ4ok4&dib_tag=se&keywords=Motorola+edge+50+fusion&qid=1716021391&sr=8-51
"Motorola G34 5G (Ice Blue, 4GB RAM, 128GB Storage)"                                                                                                                                                             ,"₹11,268"   ,4.0 out of 5 stars ,31                       ,https://www.amazon.in/Motorola-G34-Blue-128GB-Storage/dp/B0CSJYTKZ7/ref=sr_1_52?dib=eyJ2IjoiMSJ9.wZm6mUJ9p7HYGX6bysLOvPHk4oPAwokPiZxP9TKjvSRWUuN7zoZ3IPfI3IFrjmhleJ6OFEf9pH7nKkCbqYGbhf-PrO1vApHikhgRiDth6ONEvJsmJ5HcY7toPDNP9-AInqt1S2zn6syf17Ic6qch-PfikWd0QzcXFubMKsqEiub9dSjWL45HuohPQB398JJXfIXlXOOS6ahmmAMUbUG9E-y2G6e8IN_91h3JGwr6gqU.9qfWWqmhbXRHjOg5zzahOlAiQpXdNQjYUudxoHJ4ok4&dib_tag=se&keywords=Motorola+edge+50+fusion&qid=1716021391&sr=8-52
"Redmi Note 12 Pro 5G (Glacier Blue, 8GB RAM, 256GB Storage)"                                                                                                                                                    ,            ,4.1 out of 5 stars ,262                      ,https://www.amazon.in/Redmi-Note-Glacier-256GB-Storage/dp/B0BS3RBVSL/ref=sr_1_53?dib=eyJ2IjoiMSJ9.wZm6mUJ9p7HYGX6bysLOvPHk4oPAwokPiZxP9TKjvSRWUuN7zoZ3IPfI3IFrjmhleJ6OFEf9pH7nKkCbqYGbhf-PrO1vApHikhgRiDth6ONEvJsmJ5HcY7toPDNP9-AInqt1S2zn6syf17Ic6qch-PfikWd0QzcXFubMKsqEiub9dSjWL45HuohPQB398JJXfIXlXOOS6ahmmAMUbUG9E-y2G6e8IN_91h3JGwr6gqU.9qfWWqmhbXRHjOg5zzahOlAiQpXdNQjYUudxoHJ4ok4&dib_tag=se&keywords=Motorola+edge+50+fusion&qid=1716021391&sr=8-53
"Motorola G04 4G (Satin Blue, 8GB RAM, 128GB Storage)"                                                                                                                                                           ,"₹7,979"    ,3.3 out of 5 stars ,18                       ,https://www.amazon.in/Motorola-Satin-Blue-128GB-Storage/dp/B0CW65THPN/ref=sr_1_54?dib=eyJ2IjoiMSJ9.wZm6mUJ9p7HYGX6bysLOvPHk4oPAwokPiZxP9TKjvSRWUuN7zoZ3IPfI3IFrjmhleJ6OFEf9pH7nKkCbqYGbhf-PrO1vApHikhgRiDth6ONEvJsmJ5HcY7toPDNP9-AInqt1S2zn6syf17Ic6qch-PfikWd0QzcXFubMKsqEiub9dSjWL45HuohPQB398JJXfIXlXOOS6ahmmAMUbUG9E-y2G6e8IN_91h3JGwr6gqU.9qfWWqmhbXRHjOg5zzahOlAiQpXdNQjYUudxoHJ4ok4&dib_tag=se&keywords=Motorola+edge+50+fusion&qid=1716021391&sr=8-54
"OnePlus 12 (Flowy Emerald, 16GB RAM, 512GB Storage)"                                                                                                                                                            ,"₹69,999"   ,4.5 out of 5 stars ,"1,260"                  ,https://www.amazon.in/OnePlus-Flowy-Emerald-512GB-Storage/dp/B0CQPP6JTH/ref=sr_1_55?dib=eyJ2IjoiMSJ9.wZm6mUJ9p7HYGX6bysLOvPHk4oPAwokPiZxP9TKjvSRWUuN7zoZ3IPfI3IFrjmhleJ6OFEf9pH7nKkCbqYGbhf-PrO1vApHikhgRiDth6ONEvJsmJ5HcY7toPDNP9-AInqt1S2zn6syf17Ic6qch-PfikWd0QzcXFubMKsqEiub9dSjWL45HuohPQB398JJXfIXlXOOS6ahmmAMUbUG9E-y2G6e8IN_91h3JGwr6gqU.9qfWWqmhbXRHjOg5zzahOlAiQpXdNQjYUudxoHJ4ok4&dib_tag=se&keywords=Motorola+edge+50+fusion&qid=1716021391&sr=8-55
"Redmi Note 13 Pro (Arctic White, 8GB RAM, 128GB Storage) | 1.5K AMOLED | 200MP Hi-Res Camera | Flagship 4nm SD 7s Gen 2 | 67W TurboCharge"                                                                      ,"₹24,999"   ,3.8 out of 5 stars ,75                       ,https://www.amazon.in/Redmi-Arctic-Storage-Flagship-TurboCharge/dp/B0CRQFGKXG/ref=sr_1_56?dib=eyJ2IjoiMSJ9.wZm6mUJ9p7HYGX6bysLOvPHk4oPAwokPiZxP9TKjvSRWUuN7zoZ3IPfI3IFrjmhleJ6OFEf9pH7nKkCbqYGbhf-PrO1vApHikhgRiDth6ONEvJsmJ5HcY7toPDNP9-AInqt1S2zn6syf17Ic6qch-PfikWd0QzcXFubMKsqEiub9dSjWL45HuohPQB398JJXfIXlXOOS6ahmmAMUbUG9E-y2G6e8IN_91h3JGwr6gqU.9qfWWqmhbXRHjOg5zzahOlAiQpXdNQjYUudxoHJ4ok4&dib_tag=se&keywords=Motorola+edge+50+fusion&qid=1716021391&sr=8-56
"Samsung Galaxy M15 5G (Celestial Blue,6GB RAM,128GB Storage)| 50MP Triple Cam| 6000mAh Battery|MediaTek Dimensity 6100+| 4 Gen. OS Upgrade & 5 Year Security Update|Super AMOLED Display|Without Charger"       ,"₹14,499"   ,3.4 out of 5 stars ,345                      ,https://www.amazon.in/Samsung-Celestial-MediaTek-Dimensity-Security/dp/B0CYQ2N8JR/ref=sr_1_57?dib=eyJ2IjoiMSJ9.wZm6mUJ9p7HYGX6bysLOvPHk4oPAwokPiZxP9TKjvSRWUuN7zoZ3IPfI3IFrjmhleJ6OFEf9pH7nKkCbqYGbhf-PrO1vApHikhgRiDth6ONEvJsmJ5HcY7toPDNP9-AInqt1S2zn6syf17Ic6qch-PfikWd0QzcXFubMKsqEiub9dSjWL45HuohPQB398JJXfIXlXOOS6ahmmAMUbUG9E-y2G6e8IN_91h3JGwr6gqU.9qfWWqmhbXRHjOg5zzahOlAiQpXdNQjYUudxoHJ4ok4&dib_tag=se&keywords=Motorola+edge+50+fusion&qid=1716021391&sr=8-57
TECNO POVA 6 PRO 5G (16GB*+256GB) | 108MP Camera + 32MP Selfie Camera | 120Hz Dot-in AMOLED Display | Dual Speakers with Dolby Atmos | 6000mAh & 70W Charger | Arc Interface | Meteorite Grey                    ,"₹19,999"   ,3.9 out of 5 stars ,279                      ,https://www.amazon.in/Display-Speakers-6000mAh-Interface-Meteorite/dp/B0CX1NFPSD/ref=sr_1_58?dib=eyJ2IjoiMSJ9.wZm6mUJ9p7HYGX6bysLOvPHk4oPAwokPiZxP9TKjvSRWUuN7zoZ3IPfI3IFrjmhleJ6OFEf9pH7nKkCbqYGbhf-PrO1vApHikhgRiDth6ONEvJsmJ5HcY7toPDNP9-AInqt1S2zn6syf17Ic6qch-PfikWd0QzcXFubMKsqEiub9dSjWL45HuohPQB398JJXfIXlXOOS6ahmmAMUbUG9E-y2G6e8IN_91h3JGwr6gqU.9qfWWqmhbXRHjOg5zzahOlAiQpXdNQjYUudxoHJ4ok4&dib_tag=se&keywords=Motorola+edge+50+fusion&qid=1716021391&sr=8-58
"Motorola G54 5G (Mint Green, 12GB RAM, 256GB Storage) | MediaTek Dimensity 7020 Processor | 6000mAh Battery with 30W Turbocharging | 50 MP OIS Camera with UltraPixel Technology | 6000 mAh Battery"            ,            ,4.0 out of 5 stars ,534                      ,https://www.amazon.in/Motorola-Dimensity-Turbocharging-UltraPixel-Technology/dp/B0CJV66VN6/ref=sr_1_59?dib=eyJ2IjoiMSJ9.wZm6mUJ9p7HYGX6bysLOvPHk4oPAwokPiZxP9TKjvSRWUuN7zoZ3IPfI3IFrjmhleJ6OFEf9pH7nKkCbqYGbhf-PrO1vApHikhgRiDth6ONEvJsmJ5HcY7toPDNP9-AInqt1S2zn6syf17Ic6qch-PfikWd0QzcXFubMKsqEiub9dSjWL45HuohPQB398JJXfIXlXOOS6ahmmAMUbUG9E-y2G6e8IN_91h3JGwr6gqU.9qfWWqmhbXRHjOg5zzahOlAiQpXdNQjYUudxoHJ4ok4&dib_tag=se&keywords=Motorola+edge+50+fusion&qid=1716021391&sr=8-59
"Motorola G04 4G (Sunrise Orange, 4GB RAM, 64GB Storage) | up to 8GB with RAM Boost | 6.6"" Punch Hole Display | 16MP Rear Camera | 5MP Front Camera | IP 52 water-repellent design | 5000 mAh |Android 14"      ,"₹7,480"    ,5.0 out of 5 stars ,1                        ,https://www.amazon.in/Motorola-Sunrise-Storage-Display-water-repellent/dp/B0CW654VV7/ref=sr_1_60?dib=eyJ2IjoiMSJ9.wZm6mUJ9p7HYGX6bysLOvPHk4oPAwokPiZxP9TKjvSRWUuN7zoZ3IPfI3IFrjmhleJ6OFEf9pH7nKkCbqYGbhf-PrO1vApHikhgRiDth6ONEvJsmJ5HcY7toPDNP9-AInqt1S2zn6syf17Ic6qch-PfikWd0QzcXFubMKsqEiub9dSjWL45HuohPQB398JJXfIXlXOOS6ahmmAMUbUG9E-y2G6e8IN_91h3JGwr6gqU.9qfWWqmhbXRHjOg5zzahOlAiQpXdNQjYUudxoHJ4ok4&dib_tag=se&keywords=Motorola+edge+50+fusion&qid=1716021391&sr=8-60
"Lava O2 (Royal Gold, 8GB RAM, UFS 2.2 128GB Storage) |AG Glass Back|T616 Octacore Processor|18W Fast Charging|6.5 inch 90Hz Punch Hole Display|50MP AI Dual Camera|Upto 16GB Expandable RAM"                    ,"₹7,999"    ,3.8 out of 5 stars ,47                       ,https://www.amazon.in/Lava-O2-Royal-Gold-Expandable/dp/B0CVLGH36G/ref=sr_1_61?dib=eyJ2IjoiMSJ9.wZm6mUJ9p7HYGX6bysLOvPHk4oPAwokPiZxP9TKjvSRWUuN7zoZ3IPfI3IFrjmhleJ6OFEf9pH7nKkCbqYGbhf-PrO1vApHikhgRiDth6ONEvJsmJ5HcY7toPDNP9-AInqt1S2zn6syf17Ic6qch-PfikWd0QzcXFubMKsqEiub9dSjWL45HuohPQB398JJXfIXlXOOS6ahmmAMUbUG9E-y2G6e8IN_91h3JGwr6gqU.9qfWWqmhbXRHjOg5zzahOlAiQpXdNQjYUudxoHJ4ok4&dib_tag=se&keywords=Motorola+edge+50+fusion&qid=1716021391&sr=8-61
"Samsung Galaxy M15 5G (Celestial Blue,4GB RAM,128GB Storage)| 50MP Triple Cam| 6000mAh Battery|MediaTek Dimensity 6100+| 4 Gen. OS Upgrade & 5 Year Security Update|Super AMOLED Display|Without Charger"       ,"₹12,999"   ,3.4 out of 5 stars ,345                      ,https://www.amazon.in/Samsung-Celestial-MediaTek-Dimensity-Security/dp/B0CYQ1VG35/ref=sr_1_62?dib=eyJ2IjoiMSJ9.wZm6mUJ9p7HYGX6bysLOvPHk4oPAwokPiZxP9TKjvSRWUuN7zoZ3IPfI3IFrjmhleJ6OFEf9pH7nKkCbqYGbhf-PrO1vApHikhgRiDth6ONEvJsmJ5HcY7toPDNP9-AInqt1S2zn6syf17Ic6qch-PfikWd0QzcXFubMKsqEiub9dSjWL45HuohPQB398JJXfIXlXOOS6ahmmAMUbUG9E-y2G6e8IN_91h3JGwr6gqU.9qfWWqmhbXRHjOg5zzahOlAiQpXdNQjYUudxoHJ4ok4&dib_tag=se&keywords=Motorola+edge+50+fusion&qid=1716021391&sr=8-62
"Lava O2 (Imperial Green, 8GB RAM, UFS 2.2 128GB Storage) |AG Glass Back|T616 Octacore Processor|18W Fast Charging|6.5 inch 90Hz Punch Hole Display|50MP AI Dual Camera|Upto 16GB Expandable RAM"                ,"₹7,999"    ,3.8 out of 5 stars ,47                       ,https://www.amazon.in/Lava-O2-Imperial-Green-Expandable/dp/B0CVL7G8GG/ref=sr_1_63?dib=eyJ2IjoiMSJ9.wZm6mUJ9p7HYGX6bysLOvPHk4oPAwokPiZxP9TKjvSRWUuN7zoZ3IPfI3IFrjmhleJ6OFEf9pH7nKkCbqYGbhf-PrO1vApHikhgRiDth6ONEvJsmJ5HcY7toPDNP9-AInqt1S2zn6syf17Ic6qch-PfikWd0QzcXFubMKsqEiub9dSjWL45HuohPQB398JJXfIXlXOOS6ahmmAMUbUG9E-y2G6e8IN_91h3JGwr6gqU.9qfWWqmhbXRHjOg5zzahOlAiQpXdNQjYUudxoHJ4ok4&dib_tag=se&keywords=Motorola+edge+50+fusion&qid=1716021391&sr=8-63
TECNO POVA 6 PRO 5G (16GB*+256GB) | 108MP Camera + 32MP Selfie Camera | 120Hz Dot-in AMOLED Display | Dual Speakers with Dolby Atmos | 6000mAh & 70W Charger | Arc Interface | Comet Green                       ,"₹19,999"   ,3.9 out of 5 stars ,279                      ,https://www.amazon.in/Display-Speakers-6000mAh-Charger-Interface/dp/B0CX1PNZN2/ref=sr_1_64?dib=eyJ2IjoiMSJ9.wZm6mUJ9p7HYGX6bysLOvPHk4oPAwokPiZxP9TKjvSRWUuN7zoZ3IPfI3IFrjmhleJ6OFEf9pH7nKkCbqYGbhf-PrO1vApHikhgRiDth6ONEvJsmJ5HcY7toPDNP9-AInqt1S2zn6syf17Ic6qch-PfikWd0QzcXFubMKsqEiub9dSjWL45HuohPQB398JJXfIXlXOOS6ahmmAMUbUG9E-y2G6e8IN_91h3JGwr6gqU.9qfWWqmhbXRHjOg5zzahOlAiQpXdNQjYUudxoHJ4ok4&dib_tag=se&keywords=Motorola+edge+50+fusion&qid=1716021391&sr=8-64
"Motorola razr 40 Ultra (Glacier Blue, 8GB RAM, 256GB Storage) | 3.6"" External AMOLED Display | 6.9"" AMOLED 165Hz Display | 32MP Selfie Camera |30W TurboPower Charging | Android 13"                          ,"₹69,999"   ,3.8 out of 5 stars ,325                      ,https://www.amazon.in/Motorola-Glacier-External-TurboPower-Charging/dp/B0CG8Z72CC/ref=sr_1_65?dib=eyJ2IjoiMSJ9.x_KU-zIAhO7VkN-bJr5OdXXy5VyNDsU3AlSH8LqPYg-54YUrrqHLrCS7IcWYsImaXRFR-itRsmkya_a94ZygYPWjeEEJnJC5l_Fgf5PLMCfvrYErBvcJVOzQMVK4OWqpZja9BW3vrfWO-fe67KtzXygr3nt4jhsMB-bW99oD1KnEUQC9ipADjCG69DGrYt4aLLD24kacuGXGmorwPDqW30g8TWksMb8Npp2-d7utoFQ.4pu3b-zY6RHv2BCOdGPDhiWZNm80sM7eI5-5ZI9-vtc&dib_tag=se&keywords=Motorola+edge+50+fusion&qid=1716021393&sr=8-65
"Motorola Edge 30 Pro (8GB, 128GB) (Cosmos Blue)"                                                                                                                                                                ,"₹38,990"   ,2.8 out of 5 stars ,6                        ,https://www.amazon.in/Motorola-Edge-128GB-Cosmos-Blue/dp/B0BSGNH1RW/ref=sr_1_66?dib=eyJ2IjoiMSJ9.x_KU-zIAhO7VkN-bJr5OdXXy5VyNDsU3AlSH8LqPYg-54YUrrqHLrCS7IcWYsImaXRFR-itRsmkya_a94ZygYPWjeEEJnJC5l_Fgf5PLMCfvrYErBvcJVOzQMVK4OWqpZja9BW3vrfWO-fe67KtzXygr3nt4jhsMB-bW99oD1KnEUQC9ipADjCG69DGrYt4aLLD24kacuGXGmorwPDqW30g8TWksMb8Npp2-d7utoFQ.4pu3b-zY6RHv2BCOdGPDhiWZNm80sM7eI5-5ZI9-vtc&dib_tag=se&keywords=Motorola+edge+50+fusion&qid=1716021393&sr=8-66
"Motorola Edge 30 (6GB, 128GB) (Meteor Grey)"                                                                                                                                                                    ,"₹24,999"   ,3.4 out of 5 stars ,13                       ,https://www.amazon.in/Motorola-Edge-128GB-Meteor-Grey/dp/B0BSGM64KR/ref=sr_1_67?dib=eyJ2IjoiMSJ9.x_KU-zIAhO7VkN-bJr5OdXXy5VyNDsU3AlSH8LqPYg-54YUrrqHLrCS7IcWYsImaXRFR-itRsmkya_a94ZygYPWjeEEJnJC5l_Fgf5PLMCfvrYErBvcJVOzQMVK4OWqpZja9BW3vrfWO-fe67KtzXygr3nt4jhsMB-bW99oD1KnEUQC9ipADjCG69DGrYt4aLLD24kacuGXGmorwPDqW30g8TWksMb8Npp2-d7utoFQ.4pu3b-zY6RHv2BCOdGPDhiWZNm80sM7eI5-5ZI9-vtc&dib_tag=se&keywords=Motorola+edge+50+fusion&qid=1716021393&sr=8-67
"(Refurbished) OPPO F21s Pro (Starlight Black, 8GB RAM, 128 Storage) with No Cost EMI/Additional Exchange Offers"                                                                                                ,"₹14,898"   ,4.8 out of 5 stars ,6                        ,https://www.amazon.in/Renewed-Starlight-Storage-Additional-Exchange/dp/B0BHQG5STC/ref=sr_1_68?dib=eyJ2IjoiMSJ9.x_KU-zIAhO7VkN-bJr5OdXXy5VyNDsU3AlSH8LqPYg-54YUrrqHLrCS7IcWYsImaXRFR-itRsmkya_a94ZygYPWjeEEJnJC5l_Fgf5PLMCfvrYErBvcJVOzQMVK4OWqpZja9BW3vrfWO-fe67KtzXygr3nt4jhsMB-bW99oD1KnEUQC9ipADjCG69DGrYt4aLLD24kacuGXGmorwPDqW30g8TWksMb8Npp2-d7utoFQ.4pu3b-zY6RHv2BCOdGPDhiWZNm80sM7eI5-5ZI9-vtc&dib_tag=se&keywords=Motorola+edge+50+fusion&qid=1716021393&sr=8-68
"Motorola razr 40 Ultra (Viva Magenta, 8GB RAM, 256GB Storage) | 3.6"" External AMOLED Display | 6.9"" AMOLED 165Hz Display | 32MP Selfie Camera |30W TurboPower Charging | Android 13"                          ,"₹69,999"   ,3.8 out of 5 stars ,325                      ,https://www.amazon.in/Motorola-Magenta-External-TurboPower-Charging/dp/B0C7QCHGLF/ref=sr_1_69?dib=eyJ2IjoiMSJ9.x_KU-zIAhO7VkN-bJr5OdXXy5VyNDsU3AlSH8LqPYg-54YUrrqHLrCS7IcWYsImaXRFR-itRsmkya_a94ZygYPWjeEEJnJC5l_Fgf5PLMCfvrYErBvcJVOzQMVK4OWqpZja9BW3vrfWO-fe67KtzXygr3nt4jhsMB-bW99oD1KnEUQC9ipADjCG69DGrYt4aLLD24kacuGXGmorwPDqW30g8TWksMb8Npp2-d7utoFQ.4pu3b-zY6RHv2BCOdGPDhiWZNm80sM7eI5-5ZI9-vtc&dib_tag=se&keywords=Motorola+edge+50+fusion&qid=1716021393&sr=8-69
itel S23 | 8GB RAM + 128GB ROM| 50MP AI Dual Rear Camera | 5000mAh Battery | Type-C Charging | 90 Hz Display | Mystery White                                                                                     ,"₹6,799"    ,3.6 out of 5 stars ,"1,614"                  ,https://www.amazon.in/itel-5000mAh-Battery-Charging-Display/dp/B0C6B25FQ3/ref=sr_1_70?dib=eyJ2IjoiMSJ9.x_KU-zIAhO7VkN-bJr5OdXXy5VyNDsU3AlSH8LqPYg-54YUrrqHLrCS7IcWYsImaXRFR-itRsmkya_a94ZygYPWjeEEJnJC5l_Fgf5PLMCfvrYErBvcJVOzQMVK4OWqpZja9BW3vrfWO-fe67KtzXygr3nt4jhsMB-bW99oD1KnEUQC9ipADjCG69DGrYt4aLLD24kacuGXGmorwPDqW30g8TWksMb8Npp2-d7utoFQ.4pu3b-zY6RHv2BCOdGPDhiWZNm80sM7eI5-5ZI9-vtc&dib_tag=se&keywords=Motorola+edge+50+fusion&qid=1716021393&sr=8-70
"MOTOROLA G40 Fusion (Frosted Champagne, 64 GB) (4 GB RAM)"                                                                                                                                                      ,"₹12,490"   ,4.0 out of 5 stars ,38                       ,https://www.amazon.in/MOTOROLA-G40-Fusion-Frosted-Champagne/dp/B09HHP94SF/ref=sr_1_71?dib=eyJ2IjoiMSJ9.x_KU-zIAhO7VkN-bJr5OdXXy5VyNDsU3AlSH8LqPYg-54YUrrqHLrCS7IcWYsImaXRFR-itRsmkya_a94ZygYPWjeEEJnJC5l_Fgf5PLMCfvrYErBvcJVOzQMVK4OWqpZja9BW3vrfWO-fe67KtzXygr3nt4jhsMB-bW99oD1KnEUQC9ipADjCG69DGrYt4aLLD24kacuGXGmorwPDqW30g8TWksMb8Npp2-d7utoFQ.4pu3b-zY6RHv2BCOdGPDhiWZNm80sM7eI5-5ZI9-vtc&dib_tag=se&keywords=Motorola+edge+50+fusion&qid=1716021393&sr=8-71
"(Refurbished) Motorola razr 40 (Summer Lilac, 8GB RAM, 256GB Storage) | External AMOLED Display | 6.9"" AMOLED 144Hz Display | 64MP Main Camera | Android 13"                                                   ,"₹35,995"   ,3.0 out of 5 stars ,1                        ,https://www.amazon.in/Refurbished-Motorola-Storage-External-Display/dp/B0CV152MT4/ref=sr_1_72?dib=eyJ2IjoiMSJ9.x_KU-zIAhO7VkN-bJr5OdXXy5VyNDsU3AlSH8LqPYg-54YUrrqHLrCS7IcWYsImaXRFR-itRsmkya_a94ZygYPWjeEEJnJC5l_Fgf5PLMCfvrYErBvcJVOzQMVK4OWqpZja9BW3vrfWO-fe67KtzXygr3nt4jhsMB-bW99oD1KnEUQC9ipADjCG69DGrYt4aLLD24kacuGXGmorwPDqW30g8TWksMb8Npp2-d7utoFQ.4pu3b-zY6RHv2BCOdGPDhiWZNm80sM7eI5-5ZI9-vtc&dib_tag=se&keywords=Motorola+edge+50+fusion&qid=1716021393&sr=8-72
"Motorola G04 4G (Sea Green, 4GB RAM, 64GB Storage) | up to 8GB with RAM Boost | 6.6"" Punch Hole Display | 16MP Rear Camera | 5MP Front Camera | IP 52 Water-Repellent Design | 5000 mAh |Android 14"           ,"₹7,179"    ,3.6 out of 5 stars ,14                       ,https://www.amazon.in/Motorola-Storage-Display-Water-Repellent-Android/dp/B0CW5Y576P/ref=sr_1_73?dib=eyJ2IjoiMSJ9.x_KU-zIAhO7VkN-bJr5OdXXy5VyNDsU3AlSH8LqPYg-54YUrrqHLrCS7IcWYsImaXRFR-itRsmkya_a94ZygYPWjeEEJnJC5l_Fgf5PLMCfvrYErBvcJVOzQMVK4OWqpZja9BW3vrfWO-fe67KtzXygr3nt4jhsMB-bW99oD1KnEUQC9ipADjCG69DGrYt4aLLD24kacuGXGmorwPDqW30g8TWksMb8Npp2-d7utoFQ.4pu3b-zY6RHv2BCOdGPDhiWZNm80sM7eI5-5ZI9-vtc&dib_tag=se&keywords=Motorola+edge+50+fusion&qid=1716021393&sr=8-73
"Motorola E13 4G (Aurora Green, 8GB RAM, 128GB Storage) | Upto 1TB MicroSD Expandable | 6.5 Inch IPS LCD Display with 60Hz Refresh Rate | UNISOC T606 Processor | Face Unlock | IP52 Water Repellent"            ,"₹8,699"    ,4.1 out of 5 stars ,184                      ,https://www.amazon.in/Motorola-Storage-Expandable-Processor-Repellent/dp/B0CGJBFWN3/ref=sr_1_74?dib=eyJ2IjoiMSJ9.x_KU-zIAhO7VkN-bJr5OdXXy5VyNDsU3AlSH8LqPYg-54YUrrqHLrCS7IcWYsImaXRFR-itRsmkya_a94ZygYPWjeEEJnJC5l_Fgf5PLMCfvrYErBvcJVOzQMVK4OWqpZja9BW3vrfWO-fe67KtzXygr3nt4jhsMB-bW99oD1KnEUQC9ipADjCG69DGrYt4aLLD24kacuGXGmorwPDqW30g8TWksMb8Npp2-d7utoFQ.4pu3b-zY6RHv2BCOdGPDhiWZNm80sM7eI5-5ZI9-vtc&dib_tag=se&keywords=Motorola+edge+50+fusion&qid=1716021393&sr=8-74
"(Refurbished) Motorola Edge 40 Neo (Caneel Bay, 128 GB) (8 GB RAM)"                                                                                                                                             ,"₹20,499"   ,                   ,New Price:               ,https://www.amazon.in/Motorola-Edge-Neo-Caneel-Bay/dp/B0CVW7G95M/ref=sr_1_75?dib=eyJ2IjoiMSJ9.x_KU-zIAhO7VkN-bJr5OdXXy5VyNDsU3AlSH8LqPYg-54YUrrqHLrCS7IcWYsImaXRFR-itRsmkya_a94ZygYPWjeEEJnJC5l_Fgf5PLMCfvrYErBvcJVOzQMVK4OWqpZja9BW3vrfWO-fe67KtzXygr3nt4jhsMB-bW99oD1KnEUQC9ipADjCG69DGrYt4aLLD24kacuGXGmorwPDqW30g8TWksMb8Npp2-d7utoFQ.4pu3b-zY6RHv2BCOdGPDhiWZNm80sM7eI5-5ZI9-vtc&dib_tag=se&keywords=Motorola+edge+50+fusion&qid=1716021393&sr=8-75
Motorola G04 4G 8/128 (Sea Green)                                                                                                                                                                                ,"₹8,285"    ,3.1 out of 5 stars ,23                       ,https://www.amazon.in/Motorola-G04-128-Sea-Green/dp/B0CW614N2S/ref=sr_1_76?dib=eyJ2IjoiMSJ9.x_KU-zIAhO7VkN-bJr5OdXXy5VyNDsU3AlSH8LqPYg-54YUrrqHLrCS7IcWYsImaXRFR-itRsmkya_a94ZygYPWjeEEJnJC5l_Fgf5PLMCfvrYErBvcJVOzQMVK4OWqpZja9BW3vrfWO-fe67KtzXygr3nt4jhsMB-bW99oD1KnEUQC9ipADjCG69DGrYt4aLLD24kacuGXGmorwPDqW30g8TWksMb8Npp2-d7utoFQ.4pu3b-zY6RHv2BCOdGPDhiWZNm80sM7eI5-5ZI9-vtc&dib_tag=se&keywords=Motorola+edge+50+fusion&qid=1716021393&sr=8-76
"realme narzo 50 5G (Hyper Blue, 4GB RAM+64GB Storage) Dimensity 810 5G Processor | 48MP Ultra HD Camera"                                                                                                        ,"₹15,998"   ,4.2 out of 5 stars ,"1,681"                  ,https://www.amazon.in/realme-Storage-Dimensity-Processor-Camera/dp/B09ZBF5Y4J/ref=sr_1_77?dib=eyJ2IjoiMSJ9.x_KU-zIAhO7VkN-bJr5OdXXy5VyNDsU3AlSH8LqPYg-54YUrrqHLrCS7IcWYsImaXRFR-itRsmkya_a94ZygYPWjeEEJnJC5l_Fgf5PLMCfvrYErBvcJVOzQMVK4OWqpZja9BW3vrfWO-fe67KtzXygr3nt4jhsMB-bW99oD1KnEUQC9ipADjCG69DGrYt4aLLD24kacuGXGmorwPDqW30g8TWksMb8Npp2-d7utoFQ.4pu3b-zY6RHv2BCOdGPDhiWZNm80sM7eI5-5ZI9-vtc&dib_tag=se&keywords=Motorola+edge+50+fusion&qid=1716021393&sr=8-77
"TECNO Spark 20C | Gravity Black, (16GB*+128GB) | 50MP Main Camera + 8MP Selfie | 90Hz Dot-in Display with Dynamic Port & Dual Speakers with DTS | 5000mAh Battery |18W Type-C | Helio G36 Processor"            ,"₹8,999"    ,4.1 out of 5 stars ,130                      ,https://www.amazon.in/Gravity-Display-Dynamic-Speakers-Processor/dp/B0CSJRH41L/ref=sr_1_78?dib=eyJ2IjoiMSJ9.x_KU-zIAhO7VkN-bJr5OdXXy5VyNDsU3AlSH8LqPYg-54YUrrqHLrCS7IcWYsImaXRFR-itRsmkya_a94ZygYPWjeEEJnJC5l_Fgf5PLMCfvrYErBvcJVOzQMVK4OWqpZja9BW3vrfWO-fe67KtzXygr3nt4jhsMB-bW99oD1KnEUQC9ipADjCG69DGrYt4aLLD24kacuGXGmorwPDqW30g8TWksMb8Npp2-d7utoFQ.4pu3b-zY6RHv2BCOdGPDhiWZNm80sM7eI5-5ZI9-vtc&dib_tag=se&keywords=Motorola+edge+50+fusion&qid=1716021393&sr=8-78
"Motorola One Action (Denim Blue, 128 GB) (4 GB RAM)"                                                                                                                                                            ,"₹9,800"    ,4.2 out of 5 stars ,186                      ,https://www.amazon.in/Motorola-One-Action-Denim-Blue/dp/B07YMZJ733/ref=sr_1_79?dib=eyJ2IjoiMSJ9.x_KU-zIAhO7VkN-bJr5OdXXy5VyNDsU3AlSH8LqPYg-54YUrrqHLrCS7IcWYsImaXRFR-itRsmkya_a94ZygYPWjeEEJnJC5l_Fgf5PLMCfvrYErBvcJVOzQMVK4OWqpZja9BW3vrfWO-fe67KtzXygr3nt4jhsMB-bW99oD1KnEUQC9ipADjCG69DGrYt4aLLD24kacuGXGmorwPDqW30g8TWksMb8Npp2-d7utoFQ.4pu3b-zY6RHv2BCOdGPDhiWZNm80sM7eI5-5ZI9-vtc&dib_tag=se&keywords=Motorola+edge+50+fusion&qid=1716021393&sr=8-79
"Motorola G04 4G (Concord Black, 4GB RAM, 64GB Storage)"                                                                                                                                                         ,"₹7,299"    ,3.8 out of 5 stars ,12                       ,https://www.amazon.in/Motorola-Concord-Black-64GB-Storage/dp/B0CW636N1B/ref=sr_1_80?dib=eyJ2IjoiMSJ9.x_KU-zIAhO7VkN-bJr5OdXXy5VyNDsU3AlSH8LqPYg-54YUrrqHLrCS7IcWYsImaXRFR-itRsmkya_a94ZygYPWjeEEJnJC5l_Fgf5PLMCfvrYErBvcJVOzQMVK4OWqpZja9BW3vrfWO-fe67KtzXygr3nt4jhsMB-bW99oD1KnEUQC9ipADjCG69DGrYt4aLLD24kacuGXGmorwPDqW30g8TWksMb8Npp2-d7utoFQ.4pu3b-zY6RHv2BCOdGPDhiWZNm80sM7eI5-5ZI9-vtc&dib_tag=se&keywords=Motorola+edge+50+fusion&qid=1716021393&sr=8-80
"Motorola G62 5G (8GB, 128GB) (Midnight Gray)"                                                                                                                                                                   ,"₹16,810"   ,3.6 out of 5 stars ,77                       ,https://www.amazon.in/Motorola-G62-128GB-Midnight-Gray/dp/B0BNKJYHTQ/ref=sr_1_81?dib=eyJ2IjoiMSJ9.tFkzLZ0okrSkG6w6k3GP7M43rq9a4FGjQG9WPCcjxM-OKFvqgWrEsUyQHONWhrRIFMvy8Hi3fQzoqnd444o56OHDguq7FWxL76HBm5lVJgC49t1oBXsjn6BXhIAkcGyn6wk_eOigOohOW9i0ePz2J_fve-4rL5cPV1w0lAtnLWgLJHQ2urg12xwwZF_g47W7ES15PU2NbNHlOdmd55auwDtiZU5IQCPpHKMGs04imug.DRy25f0oM4scFUlOAken6wzXs8FZyDCt8WVlpeZD2ZI&dib_tag=se&keywords=Motorola+edge+50+fusion&qid=1716021394&sr=8-81
"Motorola G14 4G (Pale Lilac, 4GB RAM, 128GB Storage) | 6.5” ultrawide Full HD+ Display | 50MP + 2MP | 8MP Front Camera | Immersive Stereo Speakers with Dolby Atmos"                                            ,"₹8,999"    ,4.0 out of 5 stars ,249                      ,https://www.amazon.in/Motorola-Storage-ultrawide-Immersive-Speakers/dp/B0CGNXJSHT/ref=sr_1_82?dib=eyJ2IjoiMSJ9.tFkzLZ0okrSkG6w6k3GP7M43rq9a4FGjQG9WPCcjxM-OKFvqgWrEsUyQHONWhrRIFMvy8Hi3fQzoqnd444o56OHDguq7FWxL76HBm5lVJgC49t1oBXsjn6BXhIAkcGyn6wk_eOigOohOW9i0ePz2J_fve-4rL5cPV1w0lAtnLWgLJHQ2urg12xwwZF_g47W7ES15PU2NbNHlOdmd55auwDtiZU5IQCPpHKMGs04imug.DRy25f0oM4scFUlOAken6wzXs8FZyDCt8WVlpeZD2ZI&dib_tag=se&keywords=Motorola+edge+50+fusion&qid=1716021394&sr=8-82
"(Refurbished) Motorola Edge 30 (Aurora Green,8GB RAM, 128GB Storage)"                                                                                                                                           ,"₹16,899"   ,2.8 out of 5 stars ,8                        ,https://www.amazon.in/Motorola-Edge-Aurora-8GB-128GB/dp/B0BJ2ZL1SR/ref=sr_1_83?dib=eyJ2IjoiMSJ9.tFkzLZ0okrSkG6w6k3GP7M43rq9a4FGjQG9WPCcjxM-OKFvqgWrEsUyQHONWhrRIFMvy8Hi3fQzoqnd444o56OHDguq7FWxL76HBm5lVJgC49t1oBXsjn6BXhIAkcGyn6wk_eOigOohOW9i0ePz2J_fve-4rL5cPV1w0lAtnLWgLJHQ2urg12xwwZF_g47W7ES15PU2NbNHlOdmd55auwDtiZU5IQCPpHKMGs04imug.DRy25f0oM4scFUlOAken6wzXs8FZyDCt8WVlpeZD2ZI&dib_tag=se&keywords=Motorola+edge+50+fusion&qid=1716021394&sr=8-83
"(Refurbished) Motorola Edge 30 (Meteor Grey, 128 GB) (6 GB RAM)"                                                                                                                                                ,"₹16,999"   ,5.0 out of 5 stars ,1                        ,https://www.amazon.in/Renewed-Motorola-Edge-Meteor-Grey/dp/B0BCX2HN8W/ref=sr_1_84?dib=eyJ2IjoiMSJ9.tFkzLZ0okrSkG6w6k3GP7M43rq9a4FGjQG9WPCcjxM-OKFvqgWrEsUyQHONWhrRIFMvy8Hi3fQzoqnd444o56OHDguq7FWxL76HBm5lVJgC49t1oBXsjn6BXhIAkcGyn6wk_eOigOohOW9i0ePz2J_fve-4rL5cPV1w0lAtnLWgLJHQ2urg12xwwZF_g47W7ES15PU2NbNHlOdmd55auwDtiZU5IQCPpHKMGs04imug.DRy25f0oM4scFUlOAken6wzXs8FZyDCt8WVlpeZD2ZI&dib_tag=se&keywords=Motorola+edge+50+fusion&qid=1716021394&sr=8-84
"(Refurbished) Motorola Edge 30 (Meteor Grey, 128 GB) (8 GB RAM)"                                                                                                                                                ,"₹17,899"   ,4.1 out of 5 stars ,10                       ,https://www.amazon.in/Renewed-Motorola-Edge-Meteor-Grey/dp/B0BHTB4YHD/ref=sr_1_85?dib=eyJ2IjoiMSJ9.tFkzLZ0okrSkG6w6k3GP7M43rq9a4FGjQG9WPCcjxM-OKFvqgWrEsUyQHONWhrRIFMvy8Hi3fQzoqnd444o56OHDguq7FWxL76HBm5lVJgC49t1oBXsjn6BXhIAkcGyn6wk_eOigOohOW9i0ePz2J_fve-4rL5cPV1w0lAtnLWgLJHQ2urg12xwwZF_g47W7ES15PU2NbNHlOdmd55auwDtiZU5IQCPpHKMGs04imug.DRy25f0oM4scFUlOAken6wzXs8FZyDCt8WVlpeZD2ZI&dib_tag=se&keywords=Motorola+edge+50+fusion&qid=1716021394&sr=8-85
"Motorola G40 4G (Dynamic Gray, 6GB RAM, 128GB Storage) | 6.78 inch Full HD+ IPS LCD Display | Qualcomm Snapdragon 732G Octa Core 2.3 GHz Processor | 64MP + 8MP + 2MP REAR Camera | 16MP Front Camera"          ,            ,3.6 out of 5 stars ,150                      ,https://www.amazon.in/MOTOROLA-Fusion-Dynamic-128GB-Storage/dp/B09DG851NK/ref=sr_1_86?dib=eyJ2IjoiMSJ9.tFkzLZ0okrSkG6w6k3GP7M43rq9a4FGjQG9WPCcjxM-OKFvqgWrEsUyQHONWhrRIFMvy8Hi3fQzoqnd444o56OHDguq7FWxL76HBm5lVJgC49t1oBXsjn6BXhIAkcGyn6wk_eOigOohOW9i0ePz2J_fve-4rL5cPV1w0lAtnLWgLJHQ2urg12xwwZF_g47W7ES15PU2NbNHlOdmd55auwDtiZU5IQCPpHKMGs04imug.DRy25f0oM4scFUlOAken6wzXs8FZyDCt8WVlpeZD2ZI&dib_tag=se&keywords=Motorola+edge+50+fusion&qid=1716021394&sr=8-86
"Lava Blaze 5G (Glass Green, 6GB RAM, UFS 2.2 128GB Storage) | 5G Ready | 50MP AI Triple Camera | Upto 11GB Expandable RAM | Charger Included | Clean Android (No Bloatware)"                                    ,"₹9,099"    ,4.0 out of 5 stars ,"7,751"                  ,https://www.amazon.in/Lava-Blaze-5G-Green-Expandable/dp/B0BSTVXFWD/ref=sr_1_87?dib=eyJ2IjoiMSJ9.tFkzLZ0okrSkG6w6k3GP7M43rq9a4FGjQG9WPCcjxM-OKFvqgWrEsUyQHONWhrRIFMvy8Hi3fQzoqnd444o56OHDguq7FWxL76HBm5lVJgC49t1oBXsjn6BXhIAkcGyn6wk_eOigOohOW9i0ePz2J_fve-4rL5cPV1w0lAtnLWgLJHQ2urg12xwwZF_g47W7ES15PU2NbNHlOdmd55auwDtiZU5IQCPpHKMGs04imug.DRy25f0oM4scFUlOAken6wzXs8FZyDCt8WVlpeZD2ZI&dib_tag=se&keywords=Motorola+edge+50+fusion&qid=1716021394&sr=8-87
"(Refurbished) Motorola One Fusion Plus, 6 GB RAM 128 GB ROM, Twilight Blue"                                                                                                                                     ,"₹11,999"   ,3.5 out of 5 stars ,57                       ,https://www.amazon.in/Renewed-Motorola-One-Fusion-Twilight/dp/B08KYDCSB5/ref=sr_1_88?dib=eyJ2IjoiMSJ9.tFkzLZ0okrSkG6w6k3GP7M43rq9a4FGjQG9WPCcjxM-OKFvqgWrEsUyQHONWhrRIFMvy8Hi3fQzoqnd444o56OHDguq7FWxL76HBm5lVJgC49t1oBXsjn6BXhIAkcGyn6wk_eOigOohOW9i0ePz2J_fve-4rL5cPV1w0lAtnLWgLJHQ2urg12xwwZF_g47W7ES15PU2NbNHlOdmd55auwDtiZU5IQCPpHKMGs04imug.DRy25f0oM4scFUlOAken6wzXs8FZyDCt8WVlpeZD2ZI&dib_tag=se&keywords=Motorola+edge+50+fusion&qid=1716021394&sr=8-88
"Lava Blaze 5G (Glass Blue, 8GB RAM, UFS 2.2 128GB Storage) | 5G Ready | 50MP AI Triple Camera | Upto 16GB Expandable RAM | Charger Included | Clean Android (No Bloatware)"                                     ,"₹10,299"   ,4.0 out of 5 stars ,"7,751"                  ,https://www.amazon.in/Lava-Blaze-5G-Blue-Expandable/dp/B0CBRN65NP/ref=sr_1_89?dib=eyJ2IjoiMSJ9.tFkzLZ0okrSkG6w6k3GP7M43rq9a4FGjQG9WPCcjxM-OKFvqgWrEsUyQHONWhrRIFMvy8Hi3fQzoqnd444o56OHDguq7FWxL76HBm5lVJgC49t1oBXsjn6BXhIAkcGyn6wk_eOigOohOW9i0ePz2J_fve-4rL5cPV1w0lAtnLWgLJHQ2urg12xwwZF_g47W7ES15PU2NbNHlOdmd55auwDtiZU5IQCPpHKMGs04imug.DRy25f0oM4scFUlOAken6wzXs8FZyDCt8WVlpeZD2ZI&dib_tag=se&keywords=Motorola+edge+50+fusion&qid=1716021394&sr=8-89
"Lava Blaze 5G (Glass Blue, 6GB RAM, UFS 2.2 128GB Storage) | 5G Ready | 50MP AI Triple Camera | Upto 11GB Expandable RAM | Charger Included | Clean Android (No Bloatware)"                                     ,"₹9,099"    ,4.0 out of 5 stars ,"7,751"                  ,https://www.amazon.in/Lava-Blaze-5G-Blue-Expandable/dp/B0BSTTK7HS/ref=sr_1_90?dib=eyJ2IjoiMSJ9.tFkzLZ0okrSkG6w6k3GP7M43rq9a4FGjQG9WPCcjxM-OKFvqgWrEsUyQHONWhrRIFMvy8Hi3fQzoqnd444o56OHDguq7FWxL76HBm5lVJgC49t1oBXsjn6BXhIAkcGyn6wk_eOigOohOW9i0ePz2J_fve-4rL5cPV1w0lAtnLWgLJHQ2urg12xwwZF_g47W7ES15PU2NbNHlOdmd55auwDtiZU5IQCPpHKMGs04imug.DRy25f0oM4scFUlOAken6wzXs8FZyDCt8WVlpeZD2ZI&dib_tag=se&keywords=Motorola+edge+50+fusion&qid=1716021394&sr=8-90
"Lava Blaze 5G (Glass Blue, 4GB RAM, UFS 2.2 128GB Storage) | 5G Ready | 50MP AI Triple Camera | Upto 7GB Expandable RAM | Charger Included | Clean Android (No Bloatware)"                                      ,"₹8,799"    ,4.1 out of 5 stars ,"2,420"                  ,https://www.amazon.in/Lava-Blaze-5G-Blue-Expandable/dp/B0BKKHFGCP/ref=sr_1_91?dib=eyJ2IjoiMSJ9.tFkzLZ0okrSkG6w6k3GP7M43rq9a4FGjQG9WPCcjxM-OKFvqgWrEsUyQHONWhrRIFMvy8Hi3fQzoqnd444o56OHDguq7FWxL76HBm5lVJgC49t1oBXsjn6BXhIAkcGyn6wk_eOigOohOW9i0ePz2J_fve-4rL5cPV1w0lAtnLWgLJHQ2urg12xwwZF_g47W7ES15PU2NbNHlOdmd55auwDtiZU5IQCPpHKMGs04imug.DRy25f0oM4scFUlOAken6wzXs8FZyDCt8WVlpeZD2ZI&dib_tag=se&keywords=Motorola+edge+50+fusion&qid=1716021394&sr=8-91
Motorola Moto G62 | 8GB 128GB | Frosted Blue Smartphone                                                                                                                                                          ,"₹15,990"   ,3.6 out of 5 stars ,14                       ,https://www.amazon.in/Motorola-Moto-128GB-Frosted-Smartphone/dp/B0C2J17T3V/ref=sr_1_92?dib=eyJ2IjoiMSJ9.tFkzLZ0okrSkG6w6k3GP7M43rq9a4FGjQG9WPCcjxM-OKFvqgWrEsUyQHONWhrRIFMvy8Hi3fQzoqnd444o56OHDguq7FWxL76HBm5lVJgC49t1oBXsjn6BXhIAkcGyn6wk_eOigOohOW9i0ePz2J_fve-4rL5cPV1w0lAtnLWgLJHQ2urg12xwwZF_g47W7ES15PU2NbNHlOdmd55auwDtiZU5IQCPpHKMGs04imug.DRy25f0oM4scFUlOAken6wzXs8FZyDCt8WVlpeZD2ZI&dib_tag=se&keywords=Motorola+edge+50+fusion&qid=1716021394&sr=8-92
"(Refurbished) Motorola G34 5G (Ocean Green, 4GB RAM, 128GB Storage) | Fastest 5G Processor Snapdragon 695 5G | 50 MP Quad Pixel Camera with Image Auto Enhance | 5000 mAh Battery with 20 W TurboPower Charger" ,            ,No reviews         ,0                        ,https://www.amazon.in/Refurbished-Motorola-Processor-Snapdragon-TurboPower/dp/B0CW9P1SPG/ref=sr_1_93?dib=eyJ2IjoiMSJ9.tFkzLZ0okrSkG6w6k3GP7M43rq9a4FGjQG9WPCcjxM-OKFvqgWrEsUyQHONWhrRIFMvy8Hi3fQzoqnd444o56OHDguq7FWxL76HBm5lVJgC49t1oBXsjn6BXhIAkcGyn6wk_eOigOohOW9i0ePz2J_fve-4rL5cPV1w0lAtnLWgLJHQ2urg12xwwZF_g47W7ES15PU2NbNHlOdmd55auwDtiZU5IQCPpHKMGs04imug.DRy25f0oM4scFUlOAken6wzXs8FZyDCt8WVlpeZD2ZI&dib_tag=se&keywords=Motorola+edge+50+fusion&qid=1716021394&sr=8-93
"Motorola e13 (Aurora Green, 4GB RAM 64GB Storage)"                                                                                                                                                              ,            ,3.9 out of 5 stars ,108                      ,https://www.amazon.in/Motorola-Aurora-Green-64GB-Storage/dp/B0C1CDXV9R/ref=sr_1_94?dib=eyJ2IjoiMSJ9.tFkzLZ0okrSkG6w6k3GP7M43rq9a4FGjQG9WPCcjxM-OKFvqgWrEsUyQHONWhrRIFMvy8Hi3fQzoqnd444o56OHDguq7FWxL76HBm5lVJgC49t1oBXsjn6BXhIAkcGyn6wk_eOigOohOW9i0ePz2J_fve-4rL5cPV1w0lAtnLWgLJHQ2urg12xwwZF_g47W7ES15PU2NbNHlOdmd55auwDtiZU5IQCPpHKMGs04imug.DRy25f0oM4scFUlOAken6wzXs8FZyDCt8WVlpeZD2ZI&dib_tag=se&keywords=Motorola+edge+50+fusion&qid=1716021394&sr=8-94
"(Refurbished) MOTOROLA G40 Fusion (Frosted Champagne, 64 GB) (4 GB RAM)"                                                                                                                                        ,"₹10,999"   ,3.5 out of 5 stars ,12                       ,https://www.amazon.in/Renewed-MOTOROLA-Fusion-Frosted-Champagne/dp/B09L6GPYY4/ref=sr_1_95?dib=eyJ2IjoiMSJ9.tFkzLZ0okrSkG6w6k3GP7M43rq9a4FGjQG9WPCcjxM-OKFvqgWrEsUyQHONWhrRIFMvy8Hi3fQzoqnd444o56OHDguq7FWxL76HBm5lVJgC49t1oBXsjn6BXhIAkcGyn6wk_eOigOohOW9i0ePz2J_fve-4rL5cPV1w0lAtnLWgLJHQ2urg12xwwZF_g47W7ES15PU2NbNHlOdmd55auwDtiZU5IQCPpHKMGs04imug.DRy25f0oM4scFUlOAken6wzXs8FZyDCt8WVlpeZD2ZI&dib_tag=se&keywords=Motorola+edge+50+fusion&qid=1716021394&sr=8-95
"(Refurbished) Moto g73 5G (Midnight Blue) (8GB RAM,128GB Storage)"                                                                                                                                              ,"₹12,999"   ,3.5 out of 5 stars ,8                        ,https://www.amazon.in/Refurbished-Moto-Midnight-128GB-Storage/dp/B0C4K1HZY2/ref=sr_1_96?dib=eyJ2IjoiMSJ9.tFkzLZ0okrSkG6w6k3GP7M43rq9a4FGjQG9WPCcjxM-OKFvqgWrEsUyQHONWhrRIFMvy8Hi3fQzoqnd444o56OHDguq7FWxL76HBm5lVJgC49t1oBXsjn6BXhIAkcGyn6wk_eOigOohOW9i0ePz2J_fve-4rL5cPV1w0lAtnLWgLJHQ2urg12xwwZF_g47W7ES15PU2NbNHlOdmd55auwDtiZU5IQCPpHKMGs04imug.DRy25f0oM4scFUlOAken6wzXs8FZyDCt8WVlpeZD2ZI&dib_tag=se&keywords=Motorola+edge+50+fusion&qid=1716021394&sr=8-96
"itel A70 (4GB RAM, 256GB ROM) Upto 12GB RAM with Memory Fusion | 13MP Dual Rear Camera & 8MP Front Camera | 5000mAh with Type-C | Dynamic Bar | Side Fingerprint | Octa-Core Processor | Azure Blue"            ,"₹7,499"    ,3.9 out of 5 stars ,901                      ,https://www.amazon.in/sspa/click?ie=UTF8&spc=MTo2NjMxMDA3NTM2MzEzMTM4OjE3MTYwMjEzOTY6c3BfYXRmX25leHQ6MzAwMTE2MjQ3NTAzMzMyOjowOjo&url=%2F5000mAh-Dynamic-Fingerprint-Octa-Core-Processor%2Fdp%2FB0CQ81YJ6R%2Fref%3Dsr_1_97_sspa%3Fdib%3DeyJ2IjoiMSJ9.-N2192oMjhSHkcObaryRnL1aMbnq9NAQzGExW5E6L-3ep7rtfSgsslKl1WywdcJD8O6INDPn9oZO3x4MX2L9S8mJbK-RsPeEveOAQjJcjR5ZQQ_A3gQ4XulZWR8qwSaFwusWncp_Vbv6iR22ypu8NEG1Tuvj7Ij3d1FUzIn-oMQ.jY4y4lnO0B6k8gXfvvt1UOpZKdcfQCvpLfyLuZucm-0%26dib_tag%3Dse%26keywords%3DMotorola%2Bedge%2B50%2Bfusion%26qid%3D1716021396%26sr%3D8-97-spons%26sp_csd%3Dd2lkZ2V0TmFtZT1zcF9hdGZfbmV4dA%26psc%3D1
"TECNO Spark 10 5G (Meta Blue, 8GB RAM,256GB Storage)|16GB Expandable RAM | Ultra Clear 50MP Superior Rear Camera| Dimensity 6020 7nm Powerful 5G Processor"                                                     ,"₹14,999"   ,3.7 out of 5 stars ,868                      ,https://www.amazon.in/Expandable-Superior-Dimensity-Powerful-Processor/dp/B0C14MRRVN/ref=sr_1_98?dib=eyJ2IjoiMSJ9.-N2192oMjhSHkcObaryRnL1aMbnq9NAQzGExW5E6L-3ep7rtfSgsslKl1WywdcJD8O6INDPn9oZO3x4MX2L9S8mJbK-RsPeEveOAQjJcjR5ZQQ_A3gQ4XulZWR8qwSaFwusWncp_Vbv6iR22ypu8NEG1Tuvj7Ij3d1FUzIn-oMQ.jY4y4lnO0B6k8gXfvvt1UOpZKdcfQCvpLfyLuZucm-0&dib_tag=se&keywords=Motorola+edge+50+fusion&qid=1716021396&sr=8-98
"TECNO Spark 10 5G (Meta White, 8GB RAM,256GB Storage)|16GB Expandable RAM | Ultra Clear 50MP Superior Rear Camera| Dimensity 6020 7nm Powerful 5G Processor"                                                    ,"₹14,999"   ,3.7 out of 5 stars ,868                      ,https://www.amazon.in/Expandable-Superior-Dimensity-Powerful-Processor/dp/B0C14QCFHT/ref=sr_1_99?dib=eyJ2IjoiMSJ9.-N2192oMjhSHkcObaryRnL1aMbnq9NAQzGExW5E6L-3ep7rtfSgsslKl1WywdcJD8O6INDPn9oZO3x4MX2L9S8mJbK-RsPeEveOAQjJcjR5ZQQ_A3gQ4XulZWR8qwSaFwusWncp_Vbv6iR22ypu8NEG1Tuvj7Ij3d1FUzIn-oMQ.jY4y4lnO0B6k8gXfvvt1UOpZKdcfQCvpLfyLuZucm-0&dib_tag=se&keywords=Motorola+edge+50+fusion&qid=1716021396&sr=8-99
"TECNO Spark 10 5G (Meta White, 8GB RAM,128GB Storage)|16GB Expandable RAM | Ultra Clear 50MP Superior Rear Camera| Dimensity 6020 7nm Powerful 5G Processor"                                                    ,"₹12,979"   ,4.0 out of 5 stars ,100                      ,https://www.amazon.in/Expandable-Superior-Dimensity-Powerful-Processor/dp/B0C14MNWYK/ref=sr_1_100?dib=eyJ2IjoiMSJ9.-N2192oMjhSHkcObaryRnL1aMbnq9NAQzGExW5E6L-3ep7rtfSgsslKl1WywdcJD8O6INDPn9oZO3x4MX2L9S8mJbK-RsPeEveOAQjJcjR5ZQQ_A3gQ4XulZWR8qwSaFwusWncp_Vbv6iR22ypu8NEG1Tuvj7Ij3d1FUzIn-oMQ.jY4y4lnO0B6k8gXfvvt1UOpZKdcfQCvpLfyLuZucm-0&dib_tag=se&keywords=Motorola+edge+50+fusion&qid=1716021396&sr=8-100
"(Refurbished) MOTOROLA G60 (Frosted Champange, 6GB RAM, 128GB Storage)"                                                                                                                                         ,"₹10,890"   ,3.3 out of 5 stars ,28                       ,https://www.amazon.in/Renewed-MOTOROLA-Frosted-Champange-Storage/dp/B09C2B8PZD/ref=sr_1_101?dib=eyJ2IjoiMSJ9.-N2192oMjhSHkcObaryRnL1aMbnq9NAQzGExW5E6L-3ep7rtfSgsslKl1WywdcJD8O6INDPn9oZO3x4MX2L9S8mJbK-RsPeEveOAQjJcjR5ZQQ_A3gQ4XulZWR8qwSaFwusWncp_Vbv6iR22ypu8NEG1Tuvj7Ij3d1FUzIn-oMQ.jY4y4lnO0B6k8gXfvvt1UOpZKdcfQCvpLfyLuZucm-0&dib_tag=se&keywords=Motorola+edge+50+fusion&qid=1716021396&sr=8-101
"Motorola G8 Power Lite (Arctic Blue, 64 GB) (4 GB RAM)"                                                                                                                                                         ,"₹6,990"    ,                   ,M.R.P:                   ,https://www.amazon.in/Motorola-Power-Lite-Arctic-Blue/dp/B0D151XNBB/ref=sr_1_102?dib=eyJ2IjoiMSJ9.-N2192oMjhSHkcObaryRnL1aMbnq9NAQzGExW5E6L-3ep7rtfSgsslKl1WywdcJD8O6INDPn9oZO3x4MX2L9S8mJbK-RsPeEveOAQjJcjR5ZQQ_A3gQ4XulZWR8qwSaFwusWncp_Vbv6iR22ypu8NEG1Tuvj7Ij3d1FUzIn-oMQ.jY4y4lnO0B6k8gXfvvt1UOpZKdcfQCvpLfyLuZucm-0&dib_tag=se&keywords=Motorola+edge+50+fusion&qid=1716021396&sr=8-102
"Motorola e32s (Slate Gray, 4GB RAM 64GB Storage)"                                                                                                                                                               ,"₹9,999"    ,3.5 out of 5 stars ,181                      ,https://www.amazon.in/MOTOROLA-e32s-Slate-Gray-Storage/dp/B0B6JJN3Y7/ref=sr_1_103?dib=eyJ2IjoiMSJ9.-N2192oMjhSHkcObaryRnL1aMbnq9NAQzGExW5E6L-3ep7rtfSgsslKl1WywdcJD8O6INDPn9oZO3x4MX2L9S8mJbK-RsPeEveOAQjJcjR5ZQQ_A3gQ4XulZWR8qwSaFwusWncp_Vbv6iR22ypu8NEG1Tuvj7Ij3d1FUzIn-oMQ.jY4y4lnO0B6k8gXfvvt1UOpZKdcfQCvpLfyLuZucm-0&dib_tag=se&keywords=Motorola+edge+50+fusion&qid=1716021396&sr=8-103
"(Refurbished) Motorola G62 5G (6GB, 128GB) (Midnight Gray)"                                                                                                                                                     ,            ,3.2 out of 5 stars ,16                       ,https://www.amazon.in/Renewed-Motorola-128GB-Midnight-Gray/dp/B0BNW5M6SC/ref=sr_1_104?dib=eyJ2IjoiMSJ9.-N2192oMjhSHkcObaryRnL1aMbnq9NAQzGExW5E6L-3ep7rtfSgsslKl1WywdcJD8O6INDPn9oZO3x4MX2L9S8mJbK-RsPeEveOAQjJcjR5ZQQ_A3gQ4XulZWR8qwSaFwusWncp_Vbv6iR22ypu8NEG1Tuvj7Ij3d1FUzIn-oMQ.jY4y4lnO0B6k8gXfvvt1UOpZKdcfQCvpLfyLuZucm-0&dib_tag=se&keywords=Motorola+edge+50+fusion&qid=1716021396&sr=8-104
"MOTOROLA G60 (Frosted Champange, 6GB RAM, 128GB Storage)"                                                                                                                                                       ,            ,3.9 out of 5 stars ,454                      ,https://www.amazon.in/MOTOROLA-Frosted-Champange-128GB-Storage/dp/B09BG1MWWL/ref=sr_1_105?dib=eyJ2IjoiMSJ9.-N2192oMjhSHkcObaryRnL1aMbnq9NAQzGExW5E6L-3ep7rtfSgsslKl1WywdcJD8O6INDPn9oZO3x4MX2L9S8mJbK-RsPeEveOAQjJcjR5ZQQ_A3gQ4XulZWR8qwSaFwusWncp_Vbv6iR22ypu8NEG1Tuvj7Ij3d1FUzIn-oMQ.jY4y4lnO0B6k8gXfvvt1UOpZKdcfQCvpLfyLuZucm-0&dib_tag=se&keywords=Motorola+edge+50+fusion&qid=1716021396&sr=8-105
"(Refurbished) MOTOROLA G30 (Dark Pearl, 4GB RAM, 64GB Storage)"                                                                                                                                                 ,"₹8,499.50" ,3.9 out of 5 stars ,14                       ,https://www.amazon.in/Renewed-MOTOROLA-Dark-Pearl-Storage/dp/B0999FGPGG/ref=sr_1_106?dib=eyJ2IjoiMSJ9.-N2192oMjhSHkcObaryRnL1aMbnq9NAQzGExW5E6L-3ep7rtfSgsslKl1WywdcJD8O6INDPn9oZO3x4MX2L9S8mJbK-RsPeEveOAQjJcjR5ZQQ_A3gQ4XulZWR8qwSaFwusWncp_Vbv6iR22ypu8NEG1Tuvj7Ij3d1FUzIn-oMQ.jY4y4lnO0B6k8gXfvvt1UOpZKdcfQCvpLfyLuZucm-0&dib_tag=se&keywords=Motorola+edge+50+fusion&qid=1716021396&sr=8-106
"(Refurbished) Moto g52 (Charcoal Grey) (4GB RAM, 64GB Storage)"                                                                                                                                                 ,"₹10,449"   ,4.4 out of 5 stars ,62                       ,https://www.amazon.in/Refurbished-Moto-Charcoal-Grey-Storage/dp/B09Y24RQXZ/ref=sr_1_107?dib=eyJ2IjoiMSJ9.-N2192oMjhSHkcObaryRnL1aMbnq9NAQzGExW5E6L-3ep7rtfSgsslKl1WywdcJD8O6INDPn9oZO3x4MX2L9S8mJbK-RsPeEveOAQjJcjR5ZQQ_A3gQ4XulZWR8qwSaFwusWncp_Vbv6iR22ypu8NEG1Tuvj7Ij3d1FUzIn-oMQ.jY4y4lnO0B6k8gXfvvt1UOpZKdcfQCvpLfyLuZucm-0&dib_tag=se&keywords=Motorola+edge+50+fusion&qid=1716021396&sr=8-107
"(Refurbished) Motorola One Action (Denim Blue, 128 GB) (4 GB RAM)"                                                                                                                                              ,"₹8,900"    ,3.2 out of 5 stars ,6                        ,https://www.amazon.in/Renewed-Motorola-Action-Denim-Blue/dp/B082NJ7BTD/ref=sr_1_108?dib=eyJ2IjoiMSJ9.-N2192oMjhSHkcObaryRnL1aMbnq9NAQzGExW5E6L-3ep7rtfSgsslKl1WywdcJD8O6INDPn9oZO3x4MX2L9S8mJbK-RsPeEveOAQjJcjR5ZQQ_A3gQ4XulZWR8qwSaFwusWncp_Vbv6iR22ypu8NEG1Tuvj7Ij3d1FUzIn-oMQ.jY4y4lnO0B6k8gXfvvt1UOpZKdcfQCvpLfyLuZucm-0&dib_tag=se&keywords=Motorola+edge+50+fusion&qid=1716021396&sr=8-108
